Track URI,Track Name,Album Name,Artist Name(s),Release Date,Duration (ms),Popularity,Explicit,Added By,Added At,Genres,Record Label,Danceability,Energy,Key,Loudness,Mode,Speechiness,Acousticness,Instrumentalness,Liveness,Valence,Tempo,Time Signature
spotify:track:20Y4EAmSXru3foatDg4OqN,"LET'S GO","LET'S GO","Jaden Bojsen;Sami Brielle",2024-07-05,193091,75,true,,2026-06-01T16:31:05Z,"","ALT:Vision Records",0.8,0.715,1,-6.79,0,0.0861,0.016,0.545,0.122,0.597,128.997,4
spotify:track:05SBRd4fXgn8FX7bf8BCAE,"I Need Your Love (feat. Ellie Goulding)","18 Months","Calvin Harris;Ellie Goulding",2012-10-29,234506,81,false,,2026-06-01T16:25:47Z,"edm","Columbia",0.695,0.869,8,-5.066,1,0.0483,0.41,0,0.237,0.58,124.989,4
spotify:track:0uL88Lp7C6i2WGHub1zrJ9,"Later Bitches","Later Bitches","The Prince Karma",2018-05-25,247976,61,true,,2026-06-01T16:23:16Z,"","Ultra Records, LLC",0.769,0.518,8,-6.563,1,0.102,0.000573,0.108,0.342,0.504,121.116,4
spotify:track:0KPEqCXH7DAJxGiXqblBqj,"Lifetimes","Vintage Disco","Benedic Lamdin;Nathaniel Pearn",2020-01-02,253862,15,false,,2026-05-31T18:33:06Z,"retro soul","KPM Main Series",0.623,0.441,1,-11.735,1,0.0449,0.172,0.867,0.137,0.701,126.003,4
spotify:track:4Nh7Umpl8YPFPcggcby6JW,"Runaway (U & I)","Runaway (U & I)","Ian Asher;Galantis",2025-07-11,147307,78,false,,2026-05-24T14:21:48Z,"","Easier Said",0.641,0.852,11,-6.541,0,0.0366,0.22,0.759,0.553,0.0814,137.962,4
spotify:track:7GOJJ7LsEePHTsI8mulxbW,"Tokyo Drift X Gypsy Woman","Tokyo Drift X Gypsy Woman","NovaX",2025-10-02,77441,61,false,,2026-05-21T13:17:24Z,"rally house,jersey club","NovaX",0.764,0.797,2,-6.471,0,0.0385,0.132,0.239,0.115,0.766,129.997,4
spotify:track:483XiZ5o13Cc1zoWV7jGml,"Gecko (Overdrive) - Radio Edit","Gecko (Overdrive) [Radio Edit]","Oliver Heldens;Becky Hill",2014-06-03,165440,69,false,,2026-05-20T04:50:18Z,"future house,house","Musical Freedom / FFRR",0.609,0.885,0,-5.469,1,0.0642,0.00521,0.0000115,0.336,0.76,124.959,4
spotify:track:2pwED7E7gGr3UR7T3s3LSM,"Papaoutai - Afro Soul","Papaoutai (Afro Soul)","mikeeysmind;Chill77;Unjaps",2025-12-20,280033,85,false,,2026-05-14T17:46:24Z,"afro soul","Unjaps AB",0.584,0.473,8,-12.252,0,0.0474,0.518,0.00293,0.108,0.494,101.135,4
spotify:track:7znjbX9XdoQayIrVNdd50Z,"The Girl From Ipanema","Getz/Gilberto (Expanded Edition)","Stan Getz",1964-03-01,320253,72,false,,2026-04-29T07:30:56Z,"bossa nova,jazz,brazilian jazz,cool jazz,latin jazz,jazz ballads","Verve Reissues",0.654,0.147,10,-17.844,0,0.039,0.867,0.000923,0.0986,0.472,130.359,4
spotify:track:3lJA6dGqvaKtVxqHbTtQiQ,"Greenlight (feat. Flo Rida & LunchMoney Lewis)","Climate Change","Pitbull;Flo Rida;LunchMoney Lewis",2017-03-17,245357,58,false,,2026-04-25T10:32:07Z,"","Mr.305/Polo Grounds Music/RCA Records",0.697,0.832,1,-5.603,0,0.267,0.279,0,0.358,0.633,115.05,4
spotify:track:2dxjKgT0li4qBI3QwuN9Ih,"Touch The Sky","Late Registration","Kanye West;Lupe Fiasco",2005-08-30,236600,80,true,,2026-04-23T13:59:54Z,"rap","Roc-A-Fella",0.552,0.846,9,-4.912,1,0.342,0.0114,0,0.309,0.554,98.56,1
spotify:track:5ePUy0MpnORgr9PQ897KJ0,"Copenhagen City","Copenhagen City","Emil Kruse;OK OK;Anthon Edwards",2025-10-17,171467,63,false,,2026-04-14T10:18:14Z,"dansk pop,dansk rap,dansktop","Sony Music Entertainment",0.862,0.597,11,-6.021,1,0.06,0.00184,0.0826,0.0627,0.974,115.977,4
spotify:track:3nEHrvNNtgLv9rneTAYVr4,"Heaven Takes You Home (feat. Connie Constance)","Paradise Again","Swedish House Mafia;Connie Constance",2022-04-15,214071,80,false,,2026-04-13T14:46:56Z,"edm","Republic Records",0.665,0.738,0,-5.931,0,0.0379,0.0124,0.00598,0.0923,0.0389,125.037,4
spotify:track:4A4pwyrf1YrIfTGsmt5D7k,"Bliv hvor du er (feat. Artigeardit)","Bliv hvor du er (feat. Artigeardit)","Rosa;Artigeardit",2026-03-27,172844,64,true,,2026-04-13T12:52:01Z,"dansk pop,dansktop,dansk rap","The Bank Records",0.956,0.474,10,-3.295,0,0.0872,0.621,0.0000288,0.142,0.853,108.977,4
spotify:track:05od2qm2MTSKCHxy1GBp5W,"12 to 12","I Barely Know Her","sombr",2025-08-22,242903,91,false,,2026-04-13T11:33:07Z,"","Warner Records",0.659,0.898,11,-2.578,0,0.0526,0.0134,0.00000502,0.0971,0.511,123.992,4
spotify:track:6r7b1UHvO3fBZe7wBXWTaZ,"Black Out Days (Stay Away)","Black Out Days (Stay Away)","Ian Asher;Phantogram",2025-08-15,172661,80,false,,2026-04-10T10:10:15Z,"","Universal Records",0.585,0.759,6,-5.133,0,0.0371,0.0177,0.857,0.277,0.127,154.949,4
spotify:track:4sMR8fuTzbUyzB0asxifV0,"Desire","Desire","Ian Asher;Olly Alexander (Years & Years)",2025-07-25,158840,83,false,,2026-04-08T15:47:49Z,"","Easier Said",0.685,0.89,0,-5.51,1,0.0376,0.014,0.311,0.113,0.247,137.985,4
spotify:track:6Ec5LeRzkisa5KJtwLfOoW,"Am I Dreaming (Metro Boomin & A$AP Rocky, Roisee)","METRO BOOMIN PRESENTS SPIDER-MAN: ACROSS THE SPIDER-VERSE (SOUNDTRACK FROM AND INSPIRED BY THE MOTION PICTURE)","Metro Boomin;A$AP Rocky;Roisee",2023-06-02,256026,81,false,,2026-04-07T16:29:10Z,"rap","Republic Records",0.6,0.537,9,-7.777,0,0.0362,0.0468,0.0038,0.206,0.126,90.061,4
spotify:track:1DwscornXpj8fmOmYVlqZt,"Stateside + Zara Larsson","Fancy Some More?","PinkPantheress;Zara Larsson",2025-10-10,184761,96,false,,2026-03-30T01:30:25Z,"bedroom pop","Warner Records",0.676,0.664,6,-5.919,1,0.0864,0.0725,0.0000565,0.26,0.847,123.455,4
spotify:track:4Iu73sdCNxZXZUIyClMoPZ,"Better Me For You (Brown Eyes)","Night Diving","Max McNown",2025-01-24,194120,83,false,,2026-03-10T18:33:19Z,"","Fugitive Recordings",0.574,0.649,0,-6.228,1,0.0265,0.165,0,0.175,0.565,76.028,4
spotify:track:1G8jae4jD8mwkXdodqHsBM,"Name","A Boy Named Goo","The Goo Goo Dolls",1995,270000,76,false,,2026-03-10T14:30:29Z,"","Warner Records",0.464,0.701,9,-5.943,1,0.0341,0.0691,0.00182,0.0766,0.407,73.97,4
spotify:track:0NrtwAmRAdLxua31SzHvXr,"Everything I Am","Graduation","Kanye West;DJ Premier",2007-09-11,227893,77,true,,2026-02-27T11:46:50Z,"rap,east coast hip hop","Roc-A-Fella",0.631,0.623,8,-6.971,1,0.264,0.466,0.00000161,0.151,0.765,80.23,4
spotify:track:6Qyc6fS4DsZjB2mRW9DsQs,"Iris","Dizzy up the Girl","The Goo Goo Dolls",1998,289533,95,false,,2026-02-26T15:33:17Z,"","Warner Records",0.315,0.715,11,-8.072,0,0.0362,0.00125,0.00000797,0.0942,0.497,155.925,3
spotify:track:7cjoZVmWe2xsGR4wcXiV2v,"What You Saying","What You Saying","Lil Uzi Vert",2025-12-22,131729,69,false,,2026-02-26T15:06:12Z,"melodic rap,rage rap","Roc Nation Distribution",0.634,0.731,11,-7.801,0,0.205,0.00777,0,0.168,0.354,133.146,4
spotify:track:4iz9lGMjU1lXS51oPmUmTe,"Homecoming","Graduation","Kanye West;Chris Martin",2007-09-11,203493,86,true,,2026-02-22T13:47:19Z,"rap","Roc-A-Fella",0.67,0.747,1,-7.059,1,0.189,0.337,0,0.115,0.918,86.918,4
spotify:track:0d28khcov6AiegSCpG5TuT,"Feel Good Inc.","Demon Days","Gorillaz;De La Soul",2005-05-23,222640,92,false,,2026-02-14T14:06:06Z,"jazz rap,east coast hip hop","Parlophone UK",0.818,0.705,6,-6.679,1,0.177,0.00836,0.00233,0.613,0.772,138.559,4
spotify:track:5fIrBv7PrI2MBcktQOcmpI,"Sympathy","Gutterflower","The Goo Goo Dolls",2002-04-08,178146,65,false,,2026-02-10T17:15:52Z,"","Warner Records",0.546,0.631,8,-5.757,1,0.0283,0.25,0,0.123,0.569,129.556,4
spotify:track:4RvWPyQ5RL0ao9LPZeSouE,"Everybody Wants To Rule The World","Songs From The Big Chair (Super Deluxe Edition)","Tears For Fears",1985-02-25,251488,87,false,,2026-01-29T10:01:10Z,"new wave,synthpop","UMC (Universal Music Catalogue)",0.645,0.795,7,-12.095,1,0.0527,0.347,0.00389,0.104,0.535,112.067,4
spotify:track:2lcJpkoLQqeSvZDKk27pEA,"Let It Burn","Where I've Been, Isn't Where I'm Going","Shaboozey",2024-05-30,224264,72,false,,2026-01-28T18:11:36Z,"","American Dogwood / EMPIRE",0.663,0.717,10,-4.6,1,0.0368,0.198,0,0.105,0.282,119.107,4
spotify:track:1170VohRSx6GwE6QDCHPPH,"Kilby Girl","When We Were Friends","The Backseat Lovers",2019-01-27,282205,81,false,,2026-01-28T17:59:41Z,"","The Backseat Lovers",0.329,0.444,1,-9.973,1,0.0417,0.0578,0.0352,0.113,0.225,162.279,4
spotify:track:53iuhJlwXhSER5J2IYYv1W,"The Fate of Ophelia","The Life of a Showgirl","Taylor Swift",2025-10-03,226073,96,false,,2026-01-28T15:10:36Z,"","Taylor Swift",0.726,0.598,5,-5.179,1,0.0291,0.265,0,0.102,0.519,123.921,4
spotify:track:0yuAWlxq59xT3agQ965OxE,"Sunsetz","Cigarettes After Sex","Cigarettes After Sex",2017-06-09,214680,86,false,,2026-01-27T09:24:09Z,"dream pop","Partisan Records",0.412,0.477,9,-9.381,0,0.029,0.0542,0.798,0.0975,0.141,75.302,4
spotify:track:3yWuTOYDztXjZxdE2cIRUa,"Opalite","The Life of a Showgirl","Taylor Swift",2025-10-03,235355,91,false,,2026-01-21T14:11:37Z,"","Taylor Swift",0.806,0.819,4,-5.033,0,0.0384,0.0784,0,0.0371,0.802,124.994,4
spotify:track:1oAwsWBovWRIp7qLMGPIet,"Apocalypse","Cigarettes After Sex","Cigarettes After Sex",2017-06-09,290146,90,false,,2026-01-20T15:10:00Z,"dream pop","Partisan Records",0.369,0.467,5,-9.018,1,0.0274,0.0194,0.46,0.109,0.174,94.473,4
spotify:track:3NLrRZoMF0Lx6zTlYqeIo4,"Here Without You","Away From The Sun","3 Doors Down",2002-11-12,238733,83,false,,2026-01-20T11:45:05Z,"post-grunge","Universal Records",0.557,0.533,10,-6.817,0,0.0252,0.0492,0,0.205,0.233,143.994,4
spotify:track:3hRV0jL3vUpRrcy398teAU,"The Night We Met","Strange Trails","Lord Huron",2015-04-06,208211,46,false,,2026-01-16T07:28:09Z,"","Play It Again Sam",0.448,0.369,9,-9.514,1,0.0452,0.968,0.272,0.638,0.0998,174.097,3
spotify:track:3LDidxbzlPNVosP4XapyoZ,"Crossing State Lines - Acoustic","Acoustic Sessions EP","Morgan Wade",2022-08-12,262652,31,false,,2026-01-04T16:49:38Z,"","Ladylike Records/Arista Nashville",0.74,0.31,7,-5.66,0,0.0306,0.886,0,0.119,0.194,112.326,4
spotify:track:6VNooTY5w9A9wg1YUsEbKB,"Midas","Portraits","Maribou State;Holly Walker",2015-06-01,218357,73,false,,2026-01-01T16:20:15Z,"","Counter Records",0.756,0.58,9,-5.21,0,0.0794,0.38,0.376,0.103,0.294,115.077,4
spotify:track:3nHuKdFJZm78CoeBnDcFKe,"Bad Dreams","Bad Dreams","Teddy Swims",2024-09-13,184577,77,false,,2025-12-31T16:22:21Z,"","Warner Records",0.707,0.68,8,-6.203,1,0.0884,0.274,0,0.0932,0.62,125.058,4
spotify:track:064NMVv1SUTN1e2fbG4MKt,"No Weapons (feat. Jim Legxacy)","The Boy Who Played the Harp","Dave;Jim Legxacy",2025-10-23,198256,66,true,,2025-12-23T13:52:13Z,"grime,uk grime,uk drill,drill","Neighbourhood",0.824,0.622,0,-6.849,1,0.12,0.562,0.00507,0.226,0.644,130.045,4
spotify:track:6mHIYI9coRzaIlqE6rPNN5,"Thootie (feat. Tokischa)","Thootie (feat. Tokischa)","Ice Spice;Tokischa",2025-12-05,151611,70,true,,2025-12-05T13:03:42Z,"dembow,neoperreo","10K Projects/Capitol Records",0.919,0.628,1,-7.644,1,0.0643,0.0215,0.00242,0.106,0.336,126.948,4
spotify:track:3qpbRVi19oJw1jMRSaNFPN,"The Boy Who Played the Harp","The Boy Who Played the Harp","Dave",2025-10-23,277765,69,true,,2025-12-02T08:50:35Z,"grime,uk grime,uk drill,drill","Neighbourhood",0.575,0.551,2,-11.386,0,0.21,0.859,0.00103,0.105,0.775,139.617,4
spotify:track:2fvdQ1Uq04qE4RLN5zKBXS,"Disco Yes","Geography","Tom Misch;Poppy Ajudha",2018-04-06,280878,63,false,,2025-11-18T09:45:38Z,"indie soul","Beyond The Groove 4",0.926,0.549,9,-6.63,0,0.0935,0.42,0.0399,0.298,0.666,123.044,4
spotify:track:70VTTe96UJ9QUyFYbsnW5V,"No One's Watching Me (feat. Olivia Dean)","Dance, No One's Watching","Ezra Collective;Olivia Dean",2024-09-27,262306,75,false,,2025-11-15T17:37:03Z,"jazz rap,indie soul,nu jazz,pop soul","Partisan Records",0.811,0.536,8,-9.408,1,0.22,0.0582,0.874,0.102,0.248,103.14,4
spotify:track:32sBVB5HmrwJ6e9g0S2BRL,"Damselfly","Yesterday's Gone","Loyle Carner;Tom Misch",2017-01-20,172653,62,true,,2025-11-08T22:17:07Z,"jazz rap,indie soul","EMI",0.82,0.596,11,-7.539,1,0.246,0.517,0.00159,0.358,0.54,94.968,4
spotify:track:6JPysVgPfEab03Gbm7hjXM,"NOW OR NEVER","NOW OR NEVER","Tkandz;CXSPER",2025-09-15,123428,21,false,,2025-10-15T12:48:42Z,"","Everything's Yours Entertainment",0.8,0.784,1,-4.691,0,0.0718,0.362,0,0.497,0.795,140.013,4
spotify:track:7AODNxFNPnKaz4hURLzw5l,"Ladbroke Grove","AJ Tracey","AJ Tracey",2019-02-08,190537,69,false,,2025-10-10T09:19:28Z,"grime,uk grime,uk drill,drill","AJ Tracey",0.902,0.839,11,-9.447,0,0.208,0.0933,0,0.102,0.727,133.989,4
spotify:track:6668ZaUUXqZ25Tb0DMr2HO,"When You Love Someone - Acoustic","When You Love Someone (Acoustic)","James TW",2016-08-19,210106,59,false,,2025-10-01T10:44:35Z,"","Island Records",0.712,0.298,7,-8.363,1,0.0407,0.779,0,0.115,0.568,125.019,4
spotify:track:2HGi7sW7mDKyTgQZ2SAXTk,"Gold","Gold (Acoustic)","Myles Smith",2025-07-18,164000,67,false,,2025-09-22T15:29:20Z,"","RCA Records Label",0.576,0.626,11,-6.216,1,0.0486,0.425,0,0.195,0.523,82.828,4
spotify:track:0xCA70t1ZA4fa9UOE0lIJm,"I'm a Mess","x (Deluxe Edition)","Ed Sheeran",2014-06-21,244573,62,false,,2025-09-22T15:21:41Z,"soft pop","Atlantic Records UK",0.697,0.377,3,-7.755,1,0.0397,0.556,0,0.0999,0.336,138.754,4
spotify:track:4ZEw5uS9RY6M6lEjsu7w8Q,"My Home","My Home","Myles Smith",2023-10-13,206250,74,false,,2025-09-22T08:09:27Z,"","RCA Records Label",0.753,0.485,11,-9.431,1,0.035,0.345,0.00104,0.192,0.547,95.968,4
spotify:track:3SYa9xlmRsRB772x9y5GUz,"JUICY","JUICY","Jordan Ward",2025-09-10,192221,39,true,,2025-09-21T15:30:52Z,"alternative r&b","ARTium Recordings, LLC/Interscope Records",0.61,0.425,8,-10.684,1,0.051,0.815,0.11,0.114,0.499,90.051,4
spotify:track:5ZK62nSchTamBy8F6HIZov,"Sea Gets Hotter","American Love Call","Durand Jones & The Indications;Durand Jones;Aaron Frazer",2019-03-01,197226,75,false,,2025-09-20T16:15:50Z,"retro soul","Dead Oceans",0.793,0.537,0,-7.123,0,0.0338,0.834,0.00256,0.326,0.778,120.012,4
spotify:track:7FxzgizJRGTQ3fxUqfvljg,"Bad Bad News","Good Thing","Leon Bridges",2018-05-04,207309,66,false,,2025-09-03T19:42:58Z,"retro soul","Columbia",0.783,0.629,5,-6.152,0,0.0607,0.231,0.000536,0.0881,0.7,111.978,4
spotify:track:3QKJELWORZZ7rUZDWeMWSA,"Água de Beber","The Astrud Gilberto Album","Astrud Gilberto;Antônio Carlos Jobim",1965-01-01,138013,69,false,,2025-08-20T12:33:53Z,"bossa nova,brazilian jazz,latin jazz,vocal jazz,adult standards,mpb","Verve Reissues",0.653,0.319,4,-17.813,0,0.0364,0.439,0,0.0906,0.845,147.853,4
spotify:track:0YMe6PHRbeDcN7KJdCG0bW,"The Dress","Absolutely","Dijon",2021-11-05,184767,78,false,,2025-08-10T10:42:26Z,"","R&R Digital/Warner Records",0.747,0.531,8,-5.99,1,0.0477,0.266,0.0000018,0.192,0.785,88.009,4
spotify:track:3aQ9MHkMeL7Yu7jpyF62xn,"Neverender","Hyperdrama","Justice;Tame Impala",2024-04-26,266493,76,false,,2025-08-08T13:04:24Z,"french house,new rave,neo-psychedelic,indie","Genesis",0.563,0.44,6,-10.01,0,0.0608,0.0258,0.00000762,0.227,0.417,116.988,4
spotify:track:08vlprFBmwh9TQnjXUtZDG,"FAMJAM4000","FORWARD","Jordan Ward",2023-03-03,158133,65,false,,2025-07-29T12:34:26Z,"alternative r&b","ARTium Recordings, LLC/Interscope Records",0.871,0.57,6,-7.421,0,0.0676,0.434,0.452,0.145,0.711,116.563,4
spotify:track:2k9cIkCVD4zotzFL6xj6hg,"Player Two - From ""Don't Tell Mom The Babysitter's Dead""","Player Two (From ""Don't Tell Mom The Babysitter's Dead"")","Jordan Ward",2024-04-12,158057,57,false,,2025-07-29T12:34:24Z,"alternative r&b","ARTium Recordings, LLC/Interscope Records",0.907,0.654,5,-4.259,0,0.0472,0.332,0.000297,0.0285,0.968,131.061,4
spotify:track:02BcXEH1zJYbXSabPtNlKf,"Lose My Mind (feat. Doja Cat) [From F1® The Movie]","Lose My Mind (feat. Doja Cat) [From F1® The Movie]","Don Toliver;Doja Cat;F1 The Album",2025-04-30,209051,83,false,,2025-07-26T19:32:20Z,"","Atlantic Records",0.55,0.666,7,-6.196,1,0.0428,0.0593,0,0.122,0.239,109.959,4
spotify:track:3JfkNCiXjHEVkbFfCQ417E,"Erase / Rewind","Gran Turismo (Remastered)","The Cardigans",1998-01-01,218504,69,false,,2025-07-25T09:15:01Z,"swedish pop","Universal Music AB",0.743,0.697,11,-6.079,0,0.0276,0.000504,0.0127,0.106,0.585,103.64,4
spotify:track:24futxi7j75kgGXiumTEn2,"Don't Let Me Drown - From F1® The Movie","Don’t Let Me Drown (From F1® The Movie)","Burna Boy;F1 The Album",2025-06-26,185590,61,false,,2025-07-24T15:20:12Z,"afrobeats,afrobeat,afropop,afroswing,dancehall,afropiano","Atlantic Records",0.755,0.638,1,-6.817,0,0.034,0.01,0.000516,0.189,0.177,112.971,4
spotify:track:34irl1fwZjGeArDmY9anKm,"Lose My Mind (feat. Doja Cat)","F1 The Album","Don Toliver;Doja Cat",2025-06-27,209051,67,false,,2025-07-24T14:28:43Z,"","Atlantic Records",0.55,0.666,7,-6.196,1,0.0428,0.0593,0,0.122,0.239,109.959,4
spotify:track:1IdTIzkTK6CcpKKgMUGbg7,"Vultures","Continuum","John Mayer",2006-09-11,251800,59,false,,2025-07-22T08:10:03Z,"singer-songwriter","Aware/Columbia",0.881,0.478,4,-10.386,1,0.0304,0.476,0.00574,0.0737,0.803,97.807,4
spotify:track:57DarSfRMIVRCeDBGW0l5S,"Last Last","Love, Damini","Burna Boy",2022-07-06,172342,73,false,,2025-07-20T00:12:57Z,"afrobeats,afrobeat,afropop,afroswing,dancehall,afropiano","Spaceship/ Bad Habit/Atlantic Records",0.795,0.565,3,-4.457,0,0.0948,0.131,0,0.0802,0.55,87.925,4
spotify:track:40ds3xedbMkWhszkGnZwxi,"ART","TYLA","Tyla",2024-03-22,148377,71,false,,2025-07-20T00:12:28Z,"afrobeats","FAX Records/Epic",0.716,0.587,1,-5.52,1,0.0554,0.0853,0.000018,0.108,0.714,116.228,4
spotify:track:6XpEm7VJ7TZxZTawH8BCSW,"Jump","TYLA","Tyla;Gunna;Skillibeng",2024-03-22,147071,71,false,,2025-07-20T00:12:23Z,"afrobeats,melodic rap,dancehall","FAX Records/Epic",0.79,0.716,10,-3.446,0,0.0929,0.0297,0.0000187,0.213,0.627,100.104,4
spotify:track:7axl6v0Yv4ksLVMt6XItpc,"Truth or Dare","TYLA","Tyla",2024-03-22,190392,76,false,,2025-07-20T00:12:22Z,"afrobeats","FAX Records/Epic",0.61,0.599,1,-5.752,1,0.337,0.182,0.000124,0.0852,0.809,154.463,5
spotify:track:1Cbl3Yq8rHo7hhDQmLQagU,"PUSH 2 START","TYLA +","Tyla",2024-10-11,156825,80,false,,2025-07-20T00:12:21Z,"afrobeats","FAX Records/Epic",0.683,0.814,2,-3.505,1,0.0466,0.277,0.00826,0.0858,0.758,93.482,4
spotify:track:38HVbWr4GEccBlstZYPUcA,"It Ain’t Easy","I've Tried Everything But Therapy (Part 2)","Teddy Swims",2025-01-24,245004,53,false,,2025-07-18T23:14:35Z,"","Warner Records",0.739,0.639,4,-6.013,1,0.0599,0.0748,0.00000212,0.143,0.819,117.962,4
spotify:track:4dnjLEblR5XKUMJ5ELQceh,"BLISS","BLISS","Tyla",2025-05-09,160111,67,false,,2025-07-18T00:43:13Z,"afrobeats","Epic",0.695,0.719,8,-5.04,1,0.178,0.338,0.0000101,0.13,0.503,115.964,4
spotify:track:3GdogCZTpPHBODiiEJbqQm,"Teardrops","Teardrops","NEIL FRANCES",2018-02-14,198331,73,false,,2025-07-12T18:44:03Z,"indie soul","Nettwerk Music Group",0.87,0.72,11,-7.679,1,0.0413,0.17,0.0908,0.0686,0.832,92.006,4
spotify:track:731Pa6Gt7GAdADATMSEL0N,"One Man Can Change The World","Dark Sky Paradise","Big Sean;Kanye West;John Legend",2015-02-23,254626,56,true,,2025-07-12T12:50:19Z,"rap,soft pop,neo soul","Getting Out Our Dreams Inc. (G.O.O.D.) Music / IDJ",0.67,0.58,8,-6.586,0,0.144,0.777,0,0.11,0.309,157.997,4
spotify:track:5vNRhkKd0yEAg8suGBpjeY,"APT.","APT.","ROSÉ;Bruno Mars",2024-10-18,169917,88,false,,2025-07-09T12:08:03Z,"k-pop","Atlantic Records",0.777,0.783,0,-4.477,0,0.26,0.0283,0,0.355,0.939,149.027,4
spotify:track:7dkCnDAjnTNTCvpb9xMHXU,"Wilder Days - Acoustic","Acoustic Sessions EP","Morgan Wade",2022-08-12,251170,43,false,,2025-07-07T13:06:14Z,"","Ladylike Records/Arista Nashville",0.749,0.369,4,-5.047,1,0.0293,0.815,0,0.0952,0.443,110.939,4
spotify:track:4BzL0gi5iQAEoXvISn95Md,"Beacon","Beacon","Matt Duncan",2010-05-01,214360,65,false,,2025-07-05T14:31:07Z,"retro soul","Soul Step Records | Hop Hop",0.716,0.454,8,-7.367,1,0.0391,0.415,0.000223,0.076,0.464,86.002,4
spotify:track:3qhlB30KknSejmIvZZLjOD,"End of Beginning","DECIDE","Djo",2022-09-16,159245,97,false,,2025-07-01T19:04:19Z,"","Djo",0.689,0.454,2,-7.643,1,0.0584,0.0351,0.00259,0.0707,0.912,159.982,4
spotify:track:0ofHAoxe9vBkTCp2UQIavz,"Dreams - 2004 Remaster","Rumours (Super Deluxe)","Fleetwood Mac",1977-02-04,257800,93,false,,2025-07-01T14:17:10Z,"yacht rock,classic rock,soft rock","Rhino/Warner Records",0.828,0.492,0,-9.744,1,0.0276,0.0644,0.00428,0.128,0.789,120.151,4
spotify:track:503OTo2dSqe7qk76rgsbep,"Still D.R.E.","2001","Dr. Dre;Snoop Dogg",1999-11-16,270586,85,true,,2025-06-28T20:46:05Z,"old school hip hop,g-funk,gangster rap,west coast hip hop,hip hop,rap","Aftermath",0.816,0.775,11,-3.323,1,0.234,0.16,0.00031,0.0543,0.527,93.431,4
spotify:track:3wo3d0I5H8KjkwGvnz8WbB,"Somedays","Somedays","Sonny Fodera;Jazzy;D.O.D",2024-07-26,207168,77,false,,2025-06-27T10:53:47Z,"house","Solotoko",0.671,0.753,4,-6.045,0,0.0298,0.019,0.0000129,0.177,0.543,127.926,4
spotify:track:0Ftrkz2waaHcjKb4qYvLmz,"Delilah (pull me out of this)","Delilah (pull me out of this)","Fred again..;Delilah Montagu",2022-10-17,250702,64,false,,2025-06-20T09:34:28Z,"stutter house,house,edm","Atlantic Records UK",0.685,0.827,10,-7.745,1,0.224,0.138,0.00207,0.374,0.586,133.93,4
spotify:track:0IRDLaO3ng5eyl4Po8hZXj,"summer on the inside","summer on the inside","warner case;Jean Tonique;Max Kaluza",2021-07-30,205166,71,false,,2025-06-20T08:53:49Z,"nu disco,french house,french indie pop","Headroom Records",0.833,0.822,7,-7.862,0,0.0702,0.45,0.635,0.479,0.784,120.788,4
spotify:track:2zMJN9JvDlvGP4jB03l1Bz,"Hot Stuff","Bad Girls","Donna Summer",1979-04-25,314760,74,false,,2025-06-16T09:54:38Z,"disco,hi-nrg","Mercury Records",0.823,0.744,0,-13.98,1,0.0316,0.0055,0.033,0.0707,0.966,120.471,4
spotify:track:4I7DV3MIgxJGlObiy9s6nx,"That Don't Impress Me Much","Come On Over (International Version)","Shania Twain",1999-11-09,238706,63,false,,2025-06-16T08:02:22Z,"country","Mercury Nashville",0.743,0.873,10,-4.943,0,0.0507,0.139,0,0.142,0.965,125.004,5
spotify:track:1ZtTGHFQwhltWz9jNVPBxp,"Bipolar","Bipolar","Benny Jamz;Gilli;KESI;Lamin;B.O.C",2025-06-07,171671,60,true,,2025-06-13T16:59:02Z,"dansk rap,dansktop,dansk pop","Universal Music A/S",0.821,0.661,11,-5.755,0,0.165,0.201,0.00000233,0.298,0.638,131.074,4
spotify:track:0kRMltaFIzcXkSbWZVBgMM,"miro","miro","berlioz;Ted Jasper",2022-12-09,200000,63,false,,2025-06-07T11:11:30Z,"jazz house,jazz","berlioz",0.818,0.445,11,-14.573,0,0.0475,0.0796,0.0348,0.116,0.264,119.972,4
spotify:track:3WRQUvzRvBDr4AxMWhXc5E,"Sunset Lover","Presence","Petit Biscuit",2017-11-10,238906,69,false,,2025-06-06T21:02:55Z,"","Petit Biscuit Music",0.785,0.525,6,-7.556,1,0.042,0.665,0.423,0.114,0.251,90.853,4
spotify:track:5hM5arv9KDbCHS0k9uqwjr,"Borderline","The Slow Rush","Tame Impala",2020-02-14,237800,88,false,,2025-06-01T06:39:37Z,"neo-psychedelic,indie","Universal Music Australia Pty. Ltd.",0.621,0.873,5,-3.067,0,0.0369,0.0406,0.0000091,0.0824,0.873,97.96,4
spotify:track:49t3uvN9hUNefdvtaD6HBj,"LUNA BALA - Slowed","LUNA BALA","Yb Wasg'ood;Ariis;MC PR",2025-04-18,124110,80,false,,2025-05-27T09:46:10Z,"phonk,brazilian phonk,brega funk,brazilian funk","void",0.72,0.93,7,-1.518,0,0.0342,0.0157,0.878,0.368,0.283,110.071,4
spotify:track:2vTmp13DDKIRWTHPRYNfEh,"Assumptions","Assumptions (Jengi Remix)","Sam Gellaitry",2023-02-10,220838,68,false,,2025-05-24T19:05:04Z,"","FFRR",0.639,0.815,11,-4.718,1,0.221,0.123,0.00113,0.193,0.443,126.055,4
spotify:track:4sTlQPMyoFMPdhAJvErBN3,"PASSO BEM SOLTO - Slowed","PASSO BEM SOLTO","ATLXS",2024-04-23,116072,82,false,,2025-05-24T18:31:17Z,"phonk,brazilian phonk","broke",0.602,0.867,1,-5.698,0,0.0312,0.00702,0.00442,0.259,0.399,115.899,4
spotify:track:4XunMFl1O0cR5CO3drkjIc,"Våde Øjne","Mig Og Min Mund","APHACA",2024-03-22,215469,50,false,,2025-05-16T17:05:05Z,"dansk pop,dansktop","a United Records release",0.477,0.481,8,-8.666,0,0.0651,0.796,0.00117,0.164,0.316,153.49,4
spotify:track:51eppFARcbsrsPYqnIMPFx,"En Som Dig","Mig Og Min Mund","APHACA",2024-03-22,257717,56,false,,2025-05-16T17:04:14Z,"dansk pop,dansktop","a United Records release",0.433,0.235,5,-12.515,0,0.0437,0.839,0,0.334,0.326,149.024,4
spotify:track:657CttNzh41EseXiePl3qC,"Hvornår Kommer Du Hjem (feat. Bette)","Kan Du Mærke Suset?","APHACA;Bette",2024-10-11,202670,53,false,,2025-05-16T17:04:12Z,"dansk pop,dansktop,dansk rap","a United Records release",0.667,0.414,9,-9.4,0,0.048,0.709,0.00000174,0.238,0.351,88.129,4
spotify:track:2WwWecb8U1bvv0LiKXQUsF,"En drøm om et menneske","En drøm om et menneske","APHACA",2025-05-09,178041,35,false,,2025-05-16T17:04:11Z,"dansk pop,dansktop","Island Nordic",0.349,0.491,10,-6.432,1,0.0296,0.304,0,0.0831,0.381,88.269,4
spotify:track:1Omt5bfz1tZUCqd26HxbS0,"Beyond","Good Thing","Leon Bridges",2018-05-04,240598,76,false,,2025-05-07T05:50:36Z,"retro soul","Columbia",0.581,0.687,6,-5.4,1,0.105,0.229,0,0.109,0.187,76.014,4
spotify:track:4K5AVQMj53ZOszq3CjapvC,"Watch Me","Watch Me","Gary Quinn",2024-07-19,224429,16,false,,2025-05-06T19:04:49Z,"","GaryQuinnMusic",0.462,0.748,7,-6.815,1,0.0404,0.0852,0.0000021,0.376,0.516,171.891,4
spotify:track:5kIS40282GDc7R9Or5FmC4,"Poison","Poison","Gary Quinn",2024-10-18,214699,17,false,,2025-05-06T19:04:47Z,"","GaryQuinnMusic",0.569,0.571,7,-6.916,1,0.0269,0.0215,0,0.149,0.361,112.917,4
spotify:track:2YXTDtcDhQUiszqGlrF1Iv,"Surprise Party","Surprise party","andreas odbjerg",2025-04-04,202207,48,false,,2025-05-04T08:36:12Z,"dansk pop,dansktop","Capitol Records Denmark",0.342,0.423,7,-8.032,1,0.0293,0.436,0,0.109,0.238,83.321,1
spotify:track:6zJFMDkfoTGtCW9mUZurqn,"Mig Og Min Mund","Mig Og Min Mund","APHACA",2024-03-22,159539,51,false,,2025-05-03T19:14:27Z,"dansk pop,dansktop","a United Records release",0.622,0.639,4,-5.845,1,0.0354,0.117,0.00000185,0.272,0.621,142.007,4
spotify:track:2Hmxz24PvWk3B1vvSyzwV3,"Når Mænd Græder","Når sjælen kaster op","Tobias Rahim",2022-10-21,210414,46,true,,2025-04-30T18:11:50Z,"dansk pop,dansk rap,dansktop","Sony Music Entertainment",0.67,0.373,2,-8.946,1,0.0374,0.771,0,0.0717,0.49,119.97,4
spotify:track:0dFdGPVLs3k0z9ezYWZzUa,"Intimidated (feat. H.E.R.)","Intimidated","KAYTRANADA;H.E.R.",2021-11-19,207830,77,false,,2025-04-26T10:32:09Z,"r&b","KAYTRANADA/RCA Records",0.738,0.75,11,-3.654,0,0.219,0.0167,0.00976,0.174,0.342,112.009,4
spotify:track:7fTsXluz9qf7AHbOBkhujM,"Lied About Love","Workin' Hard","Larry Fleet",2019-11-08,179258,53,false,,2025-04-25T17:33:10Z,"country Christian,country","Big Loud",0.689,0.679,1,-4.324,1,0.0268,0.229,0.000018,0.0964,0.703,93.994,4
spotify:track:1nltpRhEiXikwDlVn4UADk,"One Right Now (with The Weeknd)","Twelve Carat Toothache","Post Malone;The Weeknd",2022-06-03,192721,70,true,,2025-04-25T16:50:43Z,"","Mercury Records/Republic Records",0.682,0.764,1,-5.411,1,0.0477,0.0363,0,0.103,0.701,97.023,4
spotify:track:42VsgItocQwOQC3XWZ8JNA,"FE!N (feat. Playboi Carti)","UTOPIA","Travis Scott;Playboi Carti",2023-07-28,191700,86,true,,2025-04-22T07:21:14Z,"rap,rage rap","Cactus Jack/Epic",0.569,0.882,3,-2.777,0,0.06,0.0316,0,0.142,0.201,148.038,4
spotify:track:4IqXyCH75mW4dMDbHufqDX,"Again","Fetty Wap (Deluxe)","Fetty Wap",2015-09-25,312240,69,true,,2025-04-21T11:29:31Z,"","300 Entertainment/RGF Productions",0.748,0.733,11,-4.421,0,0.072,0.0062,0,0.329,0.291,93.019,4
spotify:track:0wrWxW18WK2MkrfDpRHkyh,"Me and the Devil","Sugarbread","Soap&Skin",2013-03-11,185000,79,false,,2025-04-19T05:30:57Z,"","[PIAS]",0.584,0.446,7,-7.042,1,0.028,0.494,0.00783,0.111,0.222,89.302,4
spotify:track:7N33IeVCvZhkSN2dWp3YxE,"Timeless (feat. Playboi Carti)","Hurry Up Tomorrow","The Weeknd;Playboi Carti",2025-01-30,256000,61,false,,2025-04-14T16:58:44Z,"rage rap","XO / Republic Records",0.779,0.782,11,-5.1,0,0.0396,0.0617,0.0000137,0.144,0.57,119.987,4
spotify:track:5ZlUWQt5HCABjfhBfPfu1p,"Vågn Op","Vågn Op","Svend",2025-04-04,196818,24,false,,2025-04-09T12:04:32Z,"dansk pop","Universal Music A/S",0.524,0.68,3,-4.563,1,0.119,0.296,0.00108,0.127,0.417,174.975,4
spotify:track:0Y7lLJhJEb2B9EMOiOc94Z,"Et sted hvor vi de første","Et sted hvor vi de første","APHACA",2025-02-28,207639,28,false,,2025-04-08T06:16:10Z,"dansk pop,dansktop","Island Nordic",0.649,0.692,7,-5.558,0,0.0537,0.0773,0.00000184,0.126,0.833,154.979,4
spotify:track:0nVUuzrVZc5t9S48ifesg6,"Smelter Under Månen","Smelter Under Månen","APHACA",2024-06-21,198388,65,false,,2025-04-08T06:16:10Z,"dansk pop,dansktop","a United Records release",0.787,0.642,1,-7.408,0,0.199,0.287,0.000242,0.169,0.767,104.067,4
spotify:track:0H2DdxpCOXES3vw1dNmf4V,"Klip Klap Sandaler","Kan Du Mærke Suset?","APHACA",2024-10-11,240917,58,false,,2025-04-07T13:52:14Z,"dansk pop,dansktop","a United Records release",0.639,0.628,8,-7.177,1,0.0298,0.109,0.000022,0.123,0.397,126.984,4
spotify:track:5dE2CsXCL0Nvg8qG7NUKg1,"Easy on the Eyes","Heaven Down Here","Texas Hill",2022-01-21,215977,1,false,,2025-03-31T16:16:55Z,"","Queue Records",0.753,0.573,8,-7.599,0,0.0372,0.281,0.00098,0.245,0.659,136.123,4
spotify:track:76H7cWSrOCpLiWzPiDrXbm,"Brown Haired Blue Eyed Baby","Brown Haired Blue Eyed Baby","JD Clayton",2018-10-26,172360,59,false,,2025-03-25T16:18:53Z,"","JD Clayton",0.713,0.236,5,-9.715,1,0.0798,0.738,0.00000484,0.109,0.538,143.85,4
spotify:track:0jOnZhF75V68VsBObWx2XO,"The Carnival of the Animals, R. 125: XIII. The Swan (Arr. for Cello and Piano)","Songs from the Arc of Life","Camille Saint-Saëns;Yo-Yo Ma;Kathryn Stott",2015-09-18,174266,65,false,,2025-03-22T14:16:07Z,"classical,chamber music,baroque","Masterworks",0.169,0.0161,9,-31.034,0,0.0442,0.986,0.86,0.0805,0.0573,128.143,3
spotify:track:7KDt8lUrhiYDx42AN1RwZj,"I Do - Bonus Track","I Do","Wild Rivers",2019-08-09,184444,52,false,,2025-03-19T11:27:08Z,"folk pop","Nettwerk Music Group",0.889,0.416,11,-8.868,0,0.107,0.224,0,0.257,0.563,127.98,4
spotify:track:42UaitnwvuKqNcD5Oa2HlD,"Thinking 'Bout Love","Songs to Break Up To","Wild Rivers",2020-05-01,199391,59,false,,2025-03-13T10:12:32Z,"folk pop","Nettwerk Music Group",0.733,0.324,5,-8.122,1,0.033,0.479,0,0.067,0.388,141.8,4
spotify:track:3NZz7DWeVQesSOn6mO39F7,"How It Feels","When Will We Land?","Barry Can't Swim",2023-10-20,138951,68,false,,2025-03-13T08:18:46Z,"jazz house","Ninja Tune",0.678,0.675,0,-7.544,0,0.0308,0.0263,0.625,0.128,0.663,124.003,4
spotify:track:7dDLAQ1y0qOq3E4DhNh8FS,"Talamanca","Talamanca","BURNS",2021-06-25,186727,59,false,,2025-03-12T06:49:27Z,"","FFRR",0.683,0.77,11,-6.641,0,0.0512,0.0988,0.896,0.379,0.527,126.006,4
spotify:track:7j3zZ2jAjzFD60UjhldhHo,"I've Been In Love","Volcano","Jungle;Channel Tres",2023-08-11,169472,72,true,,2025-03-10T16:54:36Z,"hip house","Caiola Records",0.679,0.506,9,-9.497,0,0.0671,0.421,0.00216,0.434,0.588,114.967,4
spotify:track:1lb3H41lbvAN28N7yqRNL9,"Idea 10","Idea 10","Gibran Alcocer",2022-07-09,128000,76,false,,2025-03-10T16:49:30Z,"","Gibran Alcocer / Kurate Music",0.339,0.242,7,-20.446,0,0.0383,0.978,0.871,0.104,0.711,87.053,3
spotify:track:3cPoiK69oQ1SdbB2j2ulGm,"The Hardest Part","Messy","Olivia Dean",2023-06-30,176048,87,false,,2025-03-10T15:57:47Z,"pop soul","PLG - Capitol",0.537,0.57,0,-5.049,1,0.121,0.384,0,0.0991,0.429,187.76,4
spotify:track:1LhMopPAallLeaeNutqbgS,"Say Something (feat. Chris Stapleton)","Man of the Woods","Justin Timberlake;Chris Stapleton",2018-02-02,278895,70,false,,2025-03-07T23:02:48Z,"country,outlaw country","RCA Records Label",0.707,0.632,10,-7.031,1,0.0789,0.103,0.0000109,0.0841,0.372,97.04,4
spotify:track:19kHhX6f6EfLU7rcO3RqjO,"Back On 74","Volcano","Jungle",2023-08-11,209482,83,false,,2025-03-07T23:02:16Z,"","Caiola Records",0.62,0.761,10,-7.282,0,0.175,0.207,0.000147,0.269,0.194,146.003,4
spotify:track:4VnDmjYCZkyeqeb0NIKqdA,"Can You Hear The Music","Oppenheimer (Original Motion Picture Soundtrack)","Ludwig Göransson",2023-07-21,110160,72,false,,2025-03-02T13:16:35Z,"score,soundtrack","Back Lot Music",0.19,0.435,4,-12.456,0,0.0334,0.233,0.938,0.1,0.0643,138.515,4
spotify:track:0awWxz7WRKdSpU9RVZ5PVK,"Peer Gynt Suite No. 1, Op. 46: I. Morning Mood","Grieg: Peer Gynt Suites / Sibelius: Valse triste","Edvard Grieg;Berliner Philharmoniker;Herbert von Karajan",1993-01-01,253440,62,false,,2025-02-25T10:20:35Z,"classical,orchestral,ballet,opera,impressionism,concerto","Deutsche Grammophon (DG)",0.137,0.0262,4,-21.686,1,0.0394,0.963,0.903,0.234,0.0355,74.988,4
spotify:track:63dZfbF0v1bN5G447DhlF8,"Vois sur ton chemin - DJ Holanda MONTAGEM CORAL Remix","Vois sur ton chemin (DJ Holanda MONTAGEM CORAL Remix)","BENNETT;DJ Holanda",2023-12-29,146823,69,false,,2025-02-14T08:32:46Z,"hypertechno,techno,brazilian phonk","Warner Music Central Europe",0.637,0.858,2,-5.509,0,0.087,0.494,0.469,0.206,0.344,133.186,4
spotify:track:7r2cCbhAbGUE4Izor1ZnlZ,"K.O.","K.O.","LAVINIA;Ely Oaks",2024-08-09,137222,65,false,,2025-02-04T08:03:23Z,"hypertechno","JINX Music",0.714,0.841,5,-5.942,0,0.0641,0.0622,0.366,0.596,0.865,129.973,4
spotify:track:3Dgmyz32dxvtxvUTPS0CUI,"Vivaldi Variation (Arr. for Piano from Concerto for Strings in G Minor, RV 156 by F. Christl)","Vivaldi Variation (Arr. for Piano from Concerto for Strings in G Minor, RV 156 by F. Christl)","Antonio Vivaldi;Florian Christl",2018-10-26,112352,69,false,,2025-01-27T14:42:18Z,"baroque,classical,concerto,early music,neoclassical","Sony Classical/Sony Music",0.429,0.258,7,-16.967,0,0.0549,0.957,0.893,0.115,0.0972,78.809,1
spotify:track:7hDVYcQq6MxkdJGweuCtl9,"ocean eyes","dont smile at me","Billie Eilish",2017-12-22,200379,81,false,,2025-01-24T11:04:54Z,"","Darkroom",0.511,0.363,4,-7.65,0,0.041,0.816,0.0317,0.084,0.169,144.892,4
spotify:track:1cyZIM22N8kmBqdATPBmI7,"Nocturnal Waltz","Nocturnal Waltz","Johannes Bornlöf",2016-09-02,128766,53,false,,2025-01-11T15:55:30Z,"","Johannes Bornlöf",0.185,0.112,1,-18.943,0,0.0366,0.99,0.915,0.107,0.0697,166.449,3
spotify:track:27ImR3LOSWgzqrABxD92uq,"Faded","Nightday (EP)","ZHU",2014-09-01,223386,49,false,,2025-01-11T11:09:06Z,"edm","disco:wax",0.861,0.475,9,-7.195,0,0.0487,0.00865,0.119,0.122,0.599,124.96,4
spotify:track:10DZlRWwiTuxSeM9EJAi7z,"The Girl Is Mine (feat. Destiny's Child & Brandy) - Club Mix","The Girl Is Mine (feat. Destiny's Child & Brandy) [Club Mix]","99 Souls;Destiny's Child;Brandy",2015-10-30,335626,52,false,,2025-01-11T11:06:46Z,"r&b","RCA Records Label",0.71,0.92,1,-4.507,0,0.038,0.0041,0.0556,0.103,0.675,118.971,4
spotify:track:5grnPhC1lP7KKtK7StZFvY,"In Time","In Time","Pieter Savenberg",2023-11-17,166000,0,false,,2025-01-06T17:34:46Z,"","Aemeralds GmbH",0.441,0.0776,9,-22.06,0,0.0382,0.993,0.949,0.0888,0.117,128.918,4
spotify:track:2iXdwVdzA0KrI2Q0iZNJbX,"Better Together","In Between Dreams","Jack Johnson",2005-01-01,207680,77,false,,2025-01-03T09:07:00Z,"surf rock","Jack Johnson",0.871,0.346,5,-9.481,1,0.0522,0.298,0.00000924,0.108,0.659,110.054,4
spotify:track:0aJrYfARfCKzv6gXjhs4SZ,"Upside Down","Upside Down","Jack Johnson",2006-02-24,209546,75,false,,2025-01-03T09:06:27Z,"surf rock","Brushfire Records/Universal",0.792,0.647,4,-8.314,1,0.045,0.255,0.000223,0.132,0.694,102.477,4
spotify:track:4LwQDGLPUcDFQaOALXeVih,"Wasted Time","Wasted Time","Larry Fleet",2018-07-20,238396,55,false,,2025-01-02T10:29:12Z,"country Christian,country","Larry Fleet",0.704,0.453,7,-14.386,1,0.0608,0.512,0.103,0.105,0.518,162.553,4
spotify:track:0mKnuxVkPi5h0kuvZl44VM,"Cover Me Up","Dangerous: The Double Album","Morgan Wallen",2021-01-08,293706,9,false,,2024-12-21T15:53:24Z,"country","Big Loud / Republic",0.549,0.44,7,-8.192,1,0.0264,0.232,0.00000737,0.107,0.214,128.01,3
spotify:track:3DnsQ5O4uJw3MlYgvBJSCq,"Maxed Out","Maxed Out","Bayker Blankenship",2024-04-19,172607,72,false,,2024-12-17T21:25:36Z,"country","Bayker Blankenship / Santa Anna Label Group",0.685,0.374,7,-10.778,0,0.036,0.359,0.00000843,0.106,0.364,145.915,4
spotify:track:5jROdl6MhcmP3O7h2sVgtw,"Parachute","Traveller","Chris Stapleton",2015-05-04,253200,80,false,,2024-12-12T11:09:41Z,"country,outlaw country","Mercury Nashville",0.642,0.762,6,-7.411,1,0.0296,0.00967,0.0000572,0.182,0.605,113.038,4
spotify:track:3S0sk6DSTgesXsUSAEHNr5,"Things A Man Oughta Know","Sayin’ What I’m Thinkin’","Lainey Wilson",2021-02-19,203373,73,false,,2024-12-12T11:09:09Z,"country","Broken Bow Records",0.659,0.683,3,-5.623,1,0.0312,0.513,0.00000493,0.133,0.397,139.931,4
spotify:track:3FU6urUVsgXa6RBuV2PdRk,"Heartless (feat. Morgan Wallen)","Diplo Presents Thomas Wesley: Chapter 1 - Snake Oil","Diplo;Morgan Wallen",2020-05-29,169226,76,true,,2024-12-12T11:09:03Z,"moombahton,country","Columbia",0.765,0.556,11,-6.417,1,0.0512,0.275,0,0.0824,0.274,111.033,4
spotify:track:4HeViKsdSOLkOvwfcRVkK8,"Mamaw's House","20 Number Ones (Bonus Version)","Thomas Rhett;Morgan Wallen",2023-09-29,187269,52,false,,2024-12-12T11:08:41Z,"country,acoustic country,pop country","The Valory Music Co.",0.559,0.704,2,-7.686,1,0.0338,0.0177,0,0.0821,0.422,89.985,4
spotify:track:1SBoKG4MjtH2vMUpftdQtc,"Beautiful As You","About A Woman","Thomas Rhett",2024-08-23,163894,71,false,,2024-12-12T11:08:37Z,"country,acoustic country,pop country","The Valory Music Co.",0.722,0.725,9,-4.41,1,0.037,0.153,0,0.393,0.468,128.007,4
spotify:track:6Qf1zZjxwffiwXBLSox8t1,"Buy Dirt","Bluebird Days","Jordan Davis;Luke Bryan",2023-02-17,167720,47,false,,2024-12-12T11:06:34Z,"country,pop country,acoustic country","MCA Nashville",0.583,0.543,4,-6.757,1,0.0478,0.645,0,0.0869,0.46,178.012,4
spotify:track:2hNQDbZcN3vqRAuwiz7poI,"Tucson Too Late","Bluebird Days","Jordan Davis",2023-02-17,172853,70,false,,2024-12-12T11:06:24Z,"country,pop country","MCA Nashville",0.661,0.707,7,-7.19,1,0.0285,0.628,0.00000185,0.0852,0.385,105.917,4
spotify:track:6vjZxvzdAeHp7jv3R398Xm,"What My World Spins Around","Bluebird Days","Jordan Davis",2023-02-17,186800,76,false,,2024-12-12T11:06:15Z,"country,pop country","MCA Nashville",0.686,0.733,2,-6.483,1,0.0401,0.111,0,0.153,0.7,124.882,4
spotify:track:7lCs3stpWCtAn5Y2lmnPhV,"I Ain't Sayin'","I Ain't Sayin'","Jordan Davis",2024-07-26,174060,63,false,,2024-12-12T11:06:09Z,"country,pop country","MCA Nashville",0.614,0.912,8,-4.587,1,0.0452,0.446,0,0.163,0.918,76.995,4
spotify:track:0wXThIDxO3YRJCpPgnmbkw,"Where It Ends","Religiously. The Album.","Bailey Zimmerman",2023-01-11,179294,75,false,,2024-12-12T06:31:58Z,"country","Warner Records Nashville/Elektra",0.431,0.837,9,-5.067,1,0.0432,0.259,0,0.0879,0.648,170.041,4
spotify:track:0bILU0UiNDmA5Ff6whhb2R,"Religiously","Religiously. The Album.","Bailey Zimmerman",2023-01-11,178723,78,false,,2024-12-12T06:31:47Z,"country","Warner Records Nashville/Elektra",0.57,0.67,1,-6.519,1,0.0274,0.426,0,0.108,0.593,140.924,4
spotify:track:25uMKq5kygC2woAfeetEfE,"Nosedive (Feat. Lainey Wilson)","F-1 Trillion","Post Malone;Lainey Wilson",2024-08-15,192459,64,false,,2024-12-12T06:30:38Z,"country","Mercury Records / Republic Records",0.287,0.782,10,-2.974,1,0.0439,0.108,0,0.0825,0.471,154.154,4
spotify:track:6StwwqB84sJeLr7tZDTxEX,"Guy For That (Feat. Luke Combs)","F-1 Trillion","Post Malone;Luke Combs",2024-08-15,164011,76,false,,2024-12-12T06:30:30Z,"country","Mercury Records / Republic Records",0.611,0.911,8,-4.106,1,0.0647,0.0061,0,0.135,0.495,119.986,4
spotify:track:0mNzElhEofvgMWAJoOA4q9,"Pour Me A Drink (Feat. Blake Shelton)","F-1 Trillion","Post Malone;Blake Shelton",2024-08-15,195122,75,false,,2024-12-12T06:30:21Z,"country","Mercury Records / Republic Records",0.582,0.909,11,-3.834,1,0.0342,0.00191,0,0.308,0.868,119.033,4
spotify:track:61SRKyox0R9jCzci4JXKBS,"What He'll Never Have","Livin' My Best Life (Still)","Dylan Scott",2024-03-29,153906,76,false,,2024-12-12T06:29:40Z,"country","Curb Records",0.489,0.755,6,-4.471,1,0.045,0.0124,0,0.28,0.384,113.05,4
spotify:track:46pFWjHMSDje1Ro0CP05uV,"Hurricane","This One's for You Too (Deluxe Edition)","Luke Combs",2018-06-01,223306,57,false,,2024-12-12T06:27:53Z,"country","River House Artists/Columbia Nashville",0.464,0.813,10,-6.185,1,0.0416,0.0153,0,0.254,0.515,75.977,4
spotify:track:48UKTR66uUOT9LaUvooTNx,"The Kind of Love We Make","Growin' Up","Luke Combs",2022-06-24,224435,82,false,,2024-12-12T06:27:13Z,"country","River House Artists/Columbia Nashville",0.608,0.745,1,-4.13,1,0.0277,0.0226,0.00000647,0.0942,0.464,102.025,4
spotify:track:67AdiJcurlf6gocGobfaXs,"Going, Going, Gone","Growin' Up","Luke Combs",2022-06-24,177244,74,false,,2024-12-12T06:27:04Z,"country","River House Artists/Columbia Nashville",0.565,0.56,6,-6.034,1,0.0275,0.538,0,0.0961,0.325,159.931,4
spotify:track:0JKxuYbxxfGMz4GGveQD0Q,"My Old Man Was Right","Fathers & Sons","Luke Combs",2024-06-14,195658,55,false,,2024-12-12T06:26:30Z,"country","Seven Ridges Records/Columbia Nashville",0.576,0.366,5,-9.404,1,0.0256,0.588,0,0.0996,0.184,139.844,4
spotify:track:09CXwVGMfxcRdOJQbiCJT6,"Whoever You Turn Out to Be","Fathers & Sons","Luke Combs",2024-06-14,198273,58,false,,2024-12-12T06:26:18Z,"country","Seven Ridges Records/Columbia Nashville",0.633,0.528,0,-7.999,1,0.0291,0.597,0.000348,0.0977,0.496,81.034,4
spotify:track:52lejmjP4o5bcZSAWKtXR3,"In Case I Ain't Around","Fathers & Sons","Luke Combs",2024-06-14,210721,63,false,,2024-12-12T06:26:09Z,"country","Seven Ridges Records/Columbia Nashville",0.56,0.673,1,-7.322,1,0.0274,0.164,0.0000834,0.243,0.669,143.973,4
spotify:track:5Xtm6aizhemUZMdjvLImeK,"Front Door Famous","Fathers & Sons","Luke Combs",2024-06-14,198373,62,false,,2024-12-12T06:25:49Z,"country","Seven Ridges Records/Columbia Nashville",0.507,0.478,2,-8.153,1,0.0275,0.158,0,0.129,0.297,152.089,4
spotify:track:4bifTiA88dRgOElmduuHLR,"Flower Shops (feat. Morgan Wallen)","Flower Shops (feat. Morgan Wallen)","ERNEST;Morgan Wallen",2021-12-31,214405,36,false,,2024-12-12T06:17:29Z,"country","Big Loud",0.544,0.459,7,-5.908,1,0.0266,0.119,0,0.0831,0.231,128.062,3
spotify:track:1mUTpDe3E8pML637zOFL5D,"Talkin' Tennessee","If I Know Me","Morgan Wallen",2018-04-27,221880,76,false,,2024-12-12T06:17:14Z,"country","Morgan Wallen",0.702,0.71,6,-6.653,0,0.0247,0.56,0,0.103,0.508,99.987,4
spotify:track:7zK4UxuBYdenyXNHJ3U6HA,"If I Know Me","If I Know Me","Morgan Wallen",2018-04-27,157693,68,false,,2024-12-12T06:17:06Z,"country","Morgan Wallen",0.768,0.605,8,-5.813,1,0.127,0.763,0.0000695,0.109,0.673,100.032,4
spotify:track:1MX19fnaW1OUQoglWTYaOo,"Dangerous","Dangerous: The Double Album","Morgan Wallen",2021-01-08,147893,15,false,,2024-12-12T06:16:47Z,"country","Big Loud / Republic",0.635,0.772,7,-4.825,1,0.0279,0.216,0,0.285,0.948,119.017,4
spotify:track:0PAcdVzhPO4gq1Iym9ESnK,"Thinkin’ Bout Me","One Thing At A Time","Morgan Wallen",2023-03-03,177387,16,false,,2024-12-12T06:16:16Z,"country","Big Loud Records / Mercury Records / Republic Records",0.659,0.789,3,-5.723,0,0.0293,0.487,0,0.115,0.468,139.982,4
spotify:track:2YVlDlk2zRceefo6XlC6DX,"Ain’t That Some","One Thing At A Time","Morgan Wallen",2023-03-03,158003,16,true,,2024-12-12T06:16:01Z,"country","Big Loud Records / Mercury Records / Republic Records",0.64,0.811,6,-5.834,0,0.0279,0.00154,0.00000934,0.363,0.686,121.089,4
spotify:track:3oZ6dlSfCE9gZ55MGPJctc,"’98 Braves","One Thing At A Time","Morgan Wallen",2023-03-03,178704,4,false,,2024-12-12T06:15:54Z,"country","Big Loud Records / Mercury Records / Republic Records",0.494,0.689,2,-5.724,1,0.0265,0.0687,0.0000768,0.265,0.472,142.092,4
spotify:track:1rXq0uoV4KTgRN64jXzIxo,"One Thing At A Time","One Thing At A Time","Morgan Wallen",2023-03-03,206864,5,false,,2024-12-12T06:15:50Z,"country","Big Loud Records / Mercury Records / Republic Records",0.613,0.923,7,-5.187,1,0.0307,0.00413,0.00000197,0.284,0.893,141.982,4
spotify:track:5IZXB5IKAD2qlvTPJYDCFB,"I Had Some Help (Feat. Morgan Wallen)","F-1 Trillion","Post Malone;Morgan Wallen",2024-08-15,178205,85,true,,2024-12-12T06:15:33Z,"country","Mercury Records / Republic Records",0.644,0.874,0,-4.723,1,0.0265,0.0113,0,0.227,0.753,128.017,4
spotify:track:7fveJ3pk1eSfxBdVkzdXZ0,"Cowgirls (feat. ERNEST)","One Thing At A Time","Morgan Wallen;ERNEST",2023-03-03,181621,17,false,,2024-12-12T06:15:28Z,"country","Big Loud Records / Mercury Records / Republic Records",0.621,0.779,8,-3.777,1,0.0361,0.216,0.00000862,0.165,0.399,172.037,4
spotify:track:7Fzl7QaTu47WyP9R5S5mh5,"Lies Lies Lies","Lies Lies Lies","Morgan Wallen",2024-07-05,198068,71,false,,2024-12-12T06:15:22Z,"country","Big Loud Records / Mercury Records / Republic Records",0.486,0.702,1,-5.758,0,0.0298,0.239,0.0000754,0.0912,0.382,81.053,4
spotify:track:1dHUB7GIbSk3MdL6a6KGvc,"Somethin’ ‘Bout A Woman (feat. Teddy Swims)","Somethin’ ‘Bout A Woman (feat. Teddy Swims)","Thomas Rhett;Teddy Swims",2024-11-15,207794,66,false,,2024-12-12T06:14:10Z,"country,acoustic country,pop country","The Valory Music Co.",0.71,0.79,5,-4.616,0,0.0269,0.0173,0.000202,0.092,0.465,107.006,4
spotify:track:4Jn2CdZYqtIsPpIRYB1o47,"The Fire","Higher","Chris Stapleton",2023-11-10,225026,65,false,,2024-12-07T13:29:07Z,"country,outlaw country","Mercury Nashville",0.558,0.44,7,-15.823,0,0.029,0.836,0.48,0.105,0.181,92.385,4
spotify:track:2nfMrwg3aRhSAv4HX7IzJL,"Said I Loved You...But I Lied","The One Thing","Michael Bolton",1993,304866,70,false,,2024-12-07T11:09:19Z,"soft rock","Columbia",0.547,0.569,10,-8.644,1,0.0271,0.189,0.00000705,0.156,0.432,159.713,4
spotify:track:646GpXko7gJumzUQxVkYvG,"Things I Take For Granted","Earned It","Larry Fleet",2023-09-01,206929,63,false,,2024-11-24T09:03:45Z,"country Christian,country","Big Loud",0.461,0.591,0,-5.955,1,0.0283,0.163,0.0251,0.358,0.45,162.992,4
spotify:track:2K656lTTe8nV7I3U0AnerB,"Skakmat","Skakmat","G-Bach",2003-05-16,184960,4,false,,2024-11-16T22:08:26Z,"dansk rap,dansktop,dansk pop","Parlophone Denmark",0.853,0.682,11,-7.932,0,0.225,0.0108,0.0000488,0.321,0.577,92.016,4
spotify:track:7LRMbd3LEoV5wZJvXT1Lwb,"T.N.T.","High Voltage","AC/DC",1976-05-14,215096,82,false,,2024-11-16T13:09:58Z,"rock,hard rock,classic rock,rock and roll","Columbia",0.754,0.759,9,-5.218,1,0.302,0.153,0.000108,0.101,0.435,126.366,4
spotify:track:31MNHKE86sEXzIglbGQ6mu,"Got Me Started","Something To Give Each Other","Troye Sivan",2023-10-13,198448,71,true,,2024-11-05T21:26:02Z,"","EMI Recorded Music Australia Pty Ltd",0.773,0.679,7,-6.51,0,0.0315,0.219,0.00263,0.297,0.544,127.002,4
spotify:track:4ZnkygoWLzcGbQYCm3lkae,"Rush","Something To Give Each Other","Troye Sivan",2023-10-13,156391,81,true,,2024-11-05T21:25:42Z,"","EMI Recorded Music Australia Pty Ltd",0.728,0.841,10,-7.682,0,0.0567,0.00242,0.0000909,0.106,0.402,125.991,4
spotify:track:20OFwXhEXf12DzwXmaV7fj,"Bad Moon Rising","Green River (Expanded Edition)","Creedence Clearwater Revival",1969-08-03,141600,82,false,,2024-11-05T18:19:06Z,"classic rock,southern rock,country rock","Craft Recordings",0.508,0.774,2,-5.973,1,0.0321,0.0586,0.00000487,0.063,0.942,178.946,4
spotify:track:5ya0TmUQw2wHMkq36rPsnd,"World on Fire","NATE SMITH (DELUXE)","Nate Smith",2023-04-28,189986,76,false,,2024-10-27T10:24:31Z,"country","RCA Records Label Nashville",0.461,0.887,11,-4.871,0,0.0429,0.000219,0,0.104,0.411,95.964,4
spotify:track:0uRrG2jRR5tuifsYIJHEao,"Sand In My Boots","Dangerous: The Double Album","Morgan Wallen",2021-01-08,202133,7,false,,2024-10-15T10:04:33Z,"country","Big Loud / Republic",0.403,0.537,3,-6.628,1,0.031,0.59,0,0.112,0.414,69.877,4
spotify:track:42lqBjPYlmL1EXpMDXvhSN,"Somebody’s Problem","Dangerous: The Double Album","Morgan Wallen",2021-01-08,161773,15,false,,2024-10-15T06:55:59Z,"country","Big Loud / Republic",0.658,0.538,5,-7.676,1,0.0289,0.657,0,0.123,0.62,136.967,4
spotify:track:25FjcKQ4IWvVnhqu4XUcpm,"Bless the Broken Road - Acoustic","Hannah Montana The Movie","Rascal Flatts",2009-01-01,234080,58,false,,2024-10-12T21:07:50Z,"country","Walt Disney Records",0.603,0.36,0,-8.841,1,0.0309,0.742,0,0.233,0.347,122.021,4
spotify:track:5uQvsr0OBicAIl0DJJAQeC,"Miguel Félix","Miguel Félix","Shooter Gang",2023-09-15,194217,13,true,,2024-10-08T08:47:52Z,"dansk rap","Universal Music A/S",0.807,0.737,7,-3.848,1,0.148,0.0467,0,0.129,0.517,132.943,4
spotify:track:6y5UMIVVJDsULZwfZ0bNRX,"Sossaup","KAYTRAMINÉ","KAYTRAMINÉ;Aminé;KAYTRANADA;Amaarae",2023-05-19,156000,0,true,,2024-10-04T18:46:25Z,"alté,afrobeats,afro r&b","CLBN LLC & Kaytranada Music & Publishing, Inc. under exclusive license to Venice Music",0.829,0.827,1,-4.472,0,0.0656,0.24,0.172,0.101,0.283,105.019,4
spotify:track:5AgVY4hWRyjJZ1oMNVGbUN,"Working Man","Working Man","Larry Fleet",2018-11-16,233353,57,false,,2024-10-01T15:34:34Z,"country Christian,country","Larry Fleet",0.625,0.229,7,-6.174,1,0.0409,0.856,0.0000031,0.113,0.346,72.485,4
spotify:track:0V3SsApMCCadPscRl0WtBq,"Where I Find God","Stack of Records","Larry Fleet",2021-09-24,249613,0,false,,2024-10-01T15:34:31Z,"country Christian,country","Big Loud",0.586,0.528,11,-6.199,1,0.0271,0.5,0.00606,0.102,0.189,137.918,4
spotify:track:4YjjNHtEsTX6Af4mCTupT5,"Bless The Broken Road","Feels Like Today","Rascal Flatts",2004-09-28,226680,73,false,,2024-09-25T08:26:21Z,"country","Lyric Street",0.591,0.45,0,-6.369,1,0.0266,0.671,0.0000223,0.159,0.344,135.893,4
spotify:track:5ncjUUHk43IjYXZCsQxcBw,"This Town's Been Too Good To Us","Livin' My Best Life (Still)","Dylan Scott",2024-03-29,191626,69,false,,2024-09-19T13:17:12Z,"country","Curb Records",0.696,0.555,11,-7.035,1,0.0353,0.0603,0,0.175,0.577,104.989,4
spotify:track:1DgtQlVNotingln271ZKCx,"White Horse","Higher","Chris Stapleton",2023-11-10,267893,80,false,,2024-09-06T19:02:00Z,"country,outlaw country","Mercury Nashville",0.353,0.77,1,-11.066,0,0.0493,0.0016,0.598,0.109,0.224,145.225,4
spotify:track:6JCQEwLMwUIOh9Lrt9W7YR,"Hay Square Serenade","Hay Square Serenade","Gus Anderson",2024-02-02,228656,25,false,,2024-08-08T16:17:22Z,"","Gus Anderson",0.472,0.115,8,-13.272,1,0.0335,0.936,0.0105,0.104,0.166,105.685,4
spotify:track:08mG3Y1vljYA6bvDt4Wqkj,"Back In Black","Back In Black","AC/DC",1980-07-25,256000,88,false,,2024-08-05T15:15:04Z,"rock,hard rock,classic rock,rock and roll","Columbia",0.31,0.7,9,-5.678,1,0.047,0.011,0.00965,0.0828,0.763,188.386,4
spotify:track:57bgtoPSgt236HzfBOd8kj,"Thunderstruck","The Razors Edge","AC/DC",1990-09-24,292333,90,false,,2024-08-05T08:52:01Z,"rock,hard rock,classic rock,rock and roll","Columbia",0.502,0.89,4,-5.175,1,0.0364,0.000147,0.0117,0.217,0.259,133.52,4
spotify:track:2zYzyRzz6pRmhPzyfMEC8s,"Highway to Hell","Highway to Hell","AC/DC",1979-07-27,208110,89,false,,2024-08-05T08:51:57Z,"rock,hard rock,classic rock,rock and roll","Columbia",0.574,0.913,6,-4.793,0,0.133,0.061,0.00158,0.156,0.423,115.728,4
spotify:track:1YvT4ml5LQM8ZYcLvqsAkD,"Remember Him That Way","Fathers & Sons","Luke Combs",2024-06-14,236055,69,false,,2024-07-31T22:42:21Z,"country","Seven Ridges Records/Columbia Nashville",0.532,0.689,11,-8.12,1,0.035,0.405,0.0000439,0.21,0.525,171.904,4
spotify:track:5crxqqibcvoOQQgg4HjAFQ,"Guy For That (Feat. Luke Combs)","Guy For That","Post Malone;Luke Combs",2024-07-26,164011,65,false,,2024-07-29T22:06:25Z,"country","Mercury Records/Republic Records",0.608,0.914,8,-4.116,1,0.0721,0.00545,0,0.137,0.511,120.01,4
spotify:track:6GG4yyk3UATdBfTHVgI8PB,"Ain't No Love In Oklahoma (From Twisters: The Album)","Ain't No Love In Oklahoma (From Twisters: The Album)","Luke Combs",2024-05-16,210950,85,false,,2024-07-29T22:05:39Z,"country","Atlantic Records",0.487,0.658,5,-9.973,1,0.0296,0.00877,0.00777,0.1,0.282,142.18,4
spotify:track:513USzRJreYwoYoIsqrvB2,"Air Tonight (feat. Benjamin Hav)","Air Tonight (feat. Benjamin Hav)","Emil Kruse;Benjamin Hav",2019-03-22,199488,39,false,,2024-07-20T01:43:18Z,"dansk pop,dansk rap,dansktop","Universal Music A/S",0.867,0.632,11,-5.408,1,0.189,0.267,0.00000526,0.216,0.784,126.996,4
spotify:track:6HBRLaSQ7NB8MNlaqzYen1,"What My World Spins Around","What My World Spins Around","Jordan Davis",2022-05-27,186790,64,false,,2024-07-20T01:41:10Z,"country,pop country","MCA Nashville",0.675,0.726,2,-6.459,1,0.0461,0.105,0,0.153,0.671,124.872,4
spotify:track:30MM5jWpUmOxtTNd9Ey5LZ,"Unforgettable","Life Changes","Thomas Rhett",2017-09-08,157080,65,false,,2024-07-20T01:40:24Z,"country,acoustic country,pop country","The Valory Music Co.",0.662,0.75,7,-5.497,1,0.0315,0.0302,0.000129,0.0849,0.828,130.066,4
spotify:track:0rCFRyEy4WXjRXNpO80Dzs,"Fall In Love","Religiously. The Album.","Bailey Zimmerman",2023-01-11,232058,80,false,,2024-07-20T01:35:47Z,"country","Warner Records Nashville/Elektra",0.524,0.643,9,-6.055,1,0.0297,0.451,0,0.221,0.397,135.962,4
spotify:track:3EWQsarNCItwHn9hE2MHTn,"Last Time for Everything","Love and War","Brad Paisley",2017-04-21,230831,48,false,,2024-07-20T01:33:04Z,"country","Arista Nashville",0.482,0.739,7,-5.476,1,0.0342,0.422,0.0000187,0.468,0.613,155.932,4
spotify:track:6xHI9KjUjYT0FPtGO8Mxa1,"Hurricane","This One's for You","Luke Combs",2017-06-02,223306,81,false,,2024-07-18T15:36:16Z,"country","River House Artists/Columbia Nashville",0.464,0.813,10,-6.185,1,0.0416,0.0153,0,0.254,0.515,75.977,4
spotify:track:4pkb8SbRGeHAvdb87v9rpf,"Miles On It","Miles On It","Marshmello;Kane Brown",2024-05-03,168355,80,false,,2024-07-18T15:17:19Z,"edm,country,pop country","RCA Records Label Nashville",0.634,0.761,5,-4.752,1,0.0472,0.00537,0,0.549,0.785,129.963,4
spotify:track:5eUpUFdFaAeovPau6lQkqK,"Thinking 'Bout You (feat. MacKenzie Porter)","Blue In The Sky","Dustin Lynch;MacKenzie Porter",2022-02-11,171626,72,false,,2024-07-16T17:12:08Z,"country,acoustic country","Broken Bow Records",0.364,0.745,8,-3.293,1,0.0596,0.146,0,0.0887,0.785,203.912,4
spotify:track:4obHzpwGrjoTuZh2DItEMZ,"7 Summers","Dangerous: The Double Album","Morgan Wallen",2021-01-08,210506,8,false,,2024-07-16T17:11:57Z,"country","Big Loud / Republic",0.466,0.786,0,-5.13,1,0.0328,0.417,0.000061,0.125,0.571,203.903,4
spotify:track:0eBFgRxyVSeuT4iyrbukdn,"Where the Wild Things Are","Gettin' Old","Luke Combs",2023-03-24,239544,84,false,,2024-07-16T17:11:54Z,"country","River House Artists/Columbia Nashville",0.708,0.731,3,-4.872,1,0.0345,0.0189,0.00000447,0.129,0.379,116.975,4
spotify:track:3CA9pLiwRIGtUBiMjbZmRw,"Nice For What","Scorpion","Drake",2018-06-29,210746,82,true,,2024-07-13T16:52:40Z,"rap","Cash Money/Drake LP6",0.585,0.909,8,-6.474,1,0.0707,0.0891,0.000097,0.119,0.758,93.372,4
spotify:track:0Z7nGFVCLfixWctgePsRk9,"TEXAS HOLD 'EM","TEXAS HOLD 'EM","Beyoncé",2024-02-11,233456,74,true,,2024-07-13T16:51:07Z,"","Parkwood Entertainment/Columbia",0.727,0.711,2,-6.549,1,0.078,0.582,0,0.158,0.375,110.012,4
spotify:track:2FlcxnvybdwpaMmMhaRtSN,"Don't Start Now","Future Nostalgia (The Moonlight Edition)","Dua Lipa",2021-02-11,183290,64,false,,2024-07-13T16:50:27Z,"pop","Warner Records",0.793,0.793,11,-4.521,0,0.083,0.0123,0,0.0951,0.679,123.95,4
spotify:track:1vYXt7VSjH9JIM5oRRo7vA,"Dance The Night - From Barbie The Album","Dance The Night (From Barbie The Album)","Dua Lipa",2023-05-25,176579,82,false,,2024-07-13T16:49:57Z,"pop","Atlantic Records",0.671,0.845,11,-4.93,0,0.048,0.0207,0,0.329,0.775,110.056,4
spotify:track:5q0EXnBYyeCdXD72FzJxH0,"Illusion","Radical Optimism","Dua Lipa",2024-05-03,188143,77,false,,2024-07-13T16:48:15Z,"pop","Warner Records",0.679,0.772,8,-4.721,0,0.0472,0.0277,0.00000259,0.106,0.709,126.964,4
spotify:track:5fZJQrFKWQLb7FpJXZ1g7K,"A Bar Song (Tipsy)","Where I've Been, Isn't Where I'm Going","Shaboozey",2024-05-31,171291,84,true,,2024-07-13T16:47:16Z,"","American Dogwood / EMPIRE",0.722,0.706,9,-4.857,1,0.0292,0.072,0,0.067,0.599,80.969,4
spotify:track:2qSkIjg1o9h3YT9RAgYN75,"Espresso","Espresso","Sabrina Carpenter",2024-04-12,175459,86,true,,2024-07-13T16:46:45Z,"pop","Island Records",0.701,0.76,0,-5.478,1,0.0285,0.107,0.0000654,0.185,0.69,103.969,4
spotify:track:7221xIgOnuakPdLqT0F3nP,"I Had Some Help (Feat. Morgan Wallen)","I Had Some Help","Post Malone;Morgan Wallen",2024-05-10,178205,83,true,,2024-07-13T16:46:37Z,"country","Mercury Records/Republic Records",0.638,0.855,7,-4.86,1,0.0264,0.00757,0,0.245,0.731,127.986,4
spotify:track:1knZ2cJRHNUeEidZvhypRm,"Alt Det (feat. Noah Carter)","Alt Det (feat. Noah Carter)","Thor Farlov;Noah Carter;Danseorkestret",2024-02-02,178366,54,false,,2024-07-13T16:44:01Z,"dansk pop,dansk rap,dansktop","Universal Music A/S Distributed Labels",0.726,0.811,2,-3.632,0,0.0432,0.178,0.00000224,0.288,0.341,99.039,4
spotify:track:2MhRuxH6pJKQ0E3xcsLEaZ,"winwin","Noahs Ark","Noah Carter",2024-03-22,161845,53,true,,2024-07-13T16:43:46Z,"dansk rap,dansktop,dansk pop","Universal Music A/S Distributed Labels",0.801,0.881,6,-4.956,1,0.314,0.126,0.0000174,0.143,0.61,159.984,4
spotify:track:2zbr6Jls3FE4JCtLwCPD5N,"Sent","Sent","Artigeardit;Lamin",2024-01-19,154565,56,true,,2024-07-13T16:43:12Z,"dansk rap,dansktop,dansk pop","Universal Music A/S",0.778,0.668,6,-6.324,0,0.124,0.0505,0,0.14,0.431,138.082,4
spotify:track:2DDTfTNiglWtbbqUsQ1RJt,"De Her Timer","De Her Timer","Lamin",2024-05-17,208934,59,false,,2024-07-13T16:42:44Z,"dansk rap,dansktop,dansk pop","Universal Music A/S",0.518,0.843,11,-5.151,0,0.0562,0.0178,0.00131,0.13,0.206,121.708,4
spotify:track:2j59di23XCFfbdJPE5KuNw,"Hva Du På (feat. Gilli)","De Her Timer","Lamin;Gilli",2024-05-31,158666,60,false,,2024-07-13T16:42:38Z,"dansk rap,dansktop,dansk pop","Universal Music A/S",0.77,0.774,7,-7.127,1,0.0739,0.0868,0,0.46,0.461,135.039,4
spotify:track:0nvHRs2XP1BbaAs3wOdI6j,"Eurobando","KENNY","Benny Jamz;Gilli",2024-06-20,167687,52,true,,2024-07-13T16:42:31Z,"dansk rap,dansktop,dansk pop","Universal Music A/S",0.82,0.761,0,-4.706,0,0.124,0.169,0.0000305,0.0652,0.747,142.057,4
spotify:track:3xJeUxbt51wpvGk3YzqxLi,"Reposado","KENNY","Benny Jamz;Gilli",2024-06-20,161241,60,true,,2024-07-13T16:42:15Z,"dansk rap,dansktop,dansk pop","Universal Music A/S",0.843,0.674,4,-6,0,0.243,0.173,0.00000188,0.571,0.859,129.98,4
spotify:track:1smr5XYzThQvsl3oCrmSAc,"Tillid","KENNY","Benny Jamz;Gilli",2024-06-20,152382,45,true,,2024-07-13T16:42:06Z,"dansk rap,dansktop,dansk pop","Universal Music A/S",0.768,0.551,1,-8.835,1,0.451,0.172,0.00000151,0.139,0.325,154.921,4
spotify:track:66FSV5dLK5sNLZ00IfHxfD,"Bad Moon Rising","Green River (40th Anniversary Edition)","Creedence Clearwater Revival",1969-08-03,141600,1,false,,2024-07-13T13:05:06Z,"classic rock,southern rock,country rock","Fantasy Records",0.641,0.774,2,-5.916,1,0.0278,0.0543,0.0000105,0.0473,0.942,89.787,4
spotify:track:3ctoHckjyd13eBi2IDw2Ip,"Seven Nation Army","Elephant","The White Stripes",2003-04-01,231800,5,false,,2024-07-13T12:58:37Z,"garage rock,blues rock,rock,alternative rock","",0.75,0.462,0,-7.664,1,0.0779,0.00576,0.545,0.307,0.309,123.865,4
spotify:track:0y1QJc3SJVPKJ1OvFmFqe6,"Way down We Go","A/B","KALEO",2016-06-10,213706,85,false,,2024-07-12T20:35:48Z,"","Elektra (NEK)",0.489,0.505,10,-8.022,0,0.117,0.579,0.000333,0.104,0.337,163.255,4
spotify:track:7snQQk1zcKl8gZ92AnueZW,"Sweet Child O' Mine","Appetite For Destruction","Guns N' Roses",1987-07-21,356066,91,false,,2024-07-11T19:50:55Z,"rock,glam metal,hard rock,classic rock","Guns N Roses P&D",0.445,0.952,6,-5.321,1,0.0522,0.09,0.0843,0.112,0.624,125.304,4
spotify:track:5LYJ631w9ps5h9tdvac7yP,"Easy Lover","Chinese Wall (Expanded Edition)","Philip Bailey;Phil Collins",1984-10-01,305866,78,false,,2024-07-11T19:50:48Z,"yacht rock,soft rock","Columbia/Legacy",0.74,0.923,1,-5.082,1,0.0369,0.105,0.000163,0.0825,0.93,128.871,4
spotify:track:4ByEFOBuLXpCqvO1kw8Wdm,"(I Just) Died In Your Arms","Broadcast","Cutting Crew",1986-01-01,280400,84,false,,2024-07-11T19:49:52Z,"","Ten Records",0.625,0.726,11,-11.402,0,0.0444,0.0158,0.000169,0.0625,0.507,124.945,4
spotify:track:0cGG2EouYCEEC3xfa0tDFV,"Tainted Love","Non-Stop Erotic Cabaret","Soft Cell",1981,153800,77,false,,2024-07-11T19:49:44Z,"synthpop,new wave","EMI",0.5,0.501,0,-8.284,0,0.0376,0.462,0,0.26,0.623,144.438,4
spotify:track:56dtB7EzO7EneUgYwX8krC,"Up Around The Bend","Cosmo's Factory","Creedence Clearwater Revival",1970-07-24,159172,72,false,,2024-07-11T19:49:26Z,"classic rock,southern rock,country rock","Craft Recordings.",0.606,0.908,2,-5.736,1,0.037,0.00532,0.823,0.245,0.773,130.12,4
spotify:track:0GONea6G2XdnHWjNZd6zt3,"Summer Of '69","Reckless (30th Anniversary / Deluxe Edition)","Bryan Adams",1984-11-05,216053,86,false,,2024-07-11T19:48:25Z,"","A&M",0.509,0.834,2,-6.205,1,0.0386,0.0183,0,0.0732,0.774,139.13,4
spotify:track:0gmbgwZ8iqyMPmXefof8Yf,"How You Remind Me","Silver Side Up","Nickelback",2001-09-11,223840,89,false,,2024-07-11T19:46:16Z,"post-grunge,rock","Roadrunner Records",0.446,0.764,10,-5.042,1,0.033,0.00135,0,0.099,0.543,172.094,4
spotify:track:49OMJ1prsRA7ZYgrAjz70c,"More Than A Woman - From ""Saturday Night Fever"" Soundtrack","Greatest","Bee Gees",1979-01-01,197213,81,false,,2024-07-11T19:45:02Z,"disco","Bee Gees Catalog",0.632,0.683,7,-6.434,1,0.0385,0.163,0.00013,0.847,0.701,105.959,4
spotify:track:07q0QVgO56EorrSGHC48y3,"I Was Made For Lovin' You","Dynasty","KISS",1979-03-23,271240,88,false,,2024-07-11T19:43:47Z,"glam rock,glam metal,hard rock,rock,classic rock","Casablanca Records",0.768,0.852,4,-6.215,1,0.038,0.214,0.0000736,0.0723,0.867,128.373,4
spotify:track:0WoFs3EdGOx58yX5BtXvOa,"Your Love","Play Deep","The Outfield",1985-06-29,223458,87,false,,2024-07-11T17:05:39Z,"","Columbia/Legacy",0.578,0.654,1,-12.421,0,0.0562,0.121,0.00000362,0.0673,0.621,129.513,4
spotify:track:4BP3uh0hFLFRb5cjsgLqDh,"Fortunate Son","Willy And The Poor Boys (Expanded Edition)","Creedence Clearwater Revival",1969-11-02,140773,86,false,,2024-07-11T17:04:12Z,"classic rock,southern rock,country rock","Craft Recordings",0.64,0.663,0,-7.516,1,0.0374,0.201,0.00806,0.152,0.663,132.77,4
spotify:track:3zBhihYUHBmGd2bcQIobrF,"(Sittin' On) the Dock of the Bay - Mono","The Dock of the Bay (Mono)","Otis Redding",1968,163755,82,false,,2024-07-11T17:04:11Z,"motown,soul,classic soul,soul blues","Rhino Atlantic",0.768,0.367,2,-11.226,1,0.0315,0.683,0.0000179,0.081,0.532,103.621,4
spotify:track:2uqYupMHANxnwgeiXTZXzd,"Austin (Boots Stop Workin')","What Happens Now?","Dasha",2024-02-16,171782,85,true,,2024-07-07T08:13:05Z,"","Warner Records",0.756,0.672,0,-6.743,1,0.0522,0.464,0.00000337,0.108,0.739,114.935,4
spotify:track:6zkHymyoD3tIqV7RwCAYUw,"Sleep Without You","Brett Young","Brett Young",2017-02-10,187813,62,false,,2024-07-07T07:56:51Z,"country","Big Machine Label Group, LLC",0.626,0.707,5,-5.755,0,0.0425,0.0169,0,0.0772,0.653,88.546,4
spotify:track:39OclE5hZematADrdfaWvE,"Next Thing You Know","Bluebird Days","Jordan Davis",2023-02-17,175226,77,false,,2024-07-07T07:45:28Z,"country,pop country","MCA Nashville",0.549,0.608,5,-8.253,1,0.0481,0.682,0,0.0966,0.399,78.534,4
spotify:track:7vF3xkCMvZjAe2nTWY0uQZ,"Made For You","Greetings From...Jake","Jake Owen",2019-03-29,238400,1,false,,2024-07-05T02:16:13Z,"country,acoustic country","Big Loud Records",0.581,0.441,1,-6.829,1,0.0268,0.77,0.0000275,0.111,0.337,82.125,4
spotify:track:6uyiyatWPCqC59Mm4rO8xL,"One Of Them Girls","Hey World","Lee Brice",2020-11-20,188893,75,false,,2024-06-29T07:47:00Z,"country,acoustic country","Curb Records",0.643,0.79,4,-6.079,1,0.0461,0.29,0,0.107,0.808,95.981,4
spotify:track:56eGOeSsqdg3FLxdo83TwV,"Rumor","Lee Brice","Lee Brice",2017-11-03,198440,76,false,,2024-06-29T07:45:10Z,"country,acoustic country","Curb Records",0.655,0.56,9,-6.857,1,0.0486,0.749,0,0.115,0.599,140.975,4
spotify:track:7brc41T70B1IIwg2jCIX1Z,"Autumn Leaves (Live At Blues Alley)","Live At Blues Alley","Eva Cassidy",1996-05-10,289560,53,false,,2024-06-28T06:46:57Z,"","Blix Street Records",0.367,0.0445,10,-19.014,0,0.035,0.976,0.0283,0.734,0.118,147.411,4
spotify:track:3AjSfp5FDvwtMU9XBsbS8j,"Push Up - Main Edit","Push Up (Main Edit)","Creeds",2023-03-31,139300,79,false,,2024-06-21T14:04:27Z,"techno,hypertechno,hard techno,tekno","Columbia/B1 Recordings",0.767,0.83,7,-8.78,1,0.206,0.209,0.836,0.0582,0.187,75.023,4
spotify:track:5FiMZQNTyEdRGormnOuHqg,"Lick It","Lick It","BEAUZ",2024-02-23,159000,61,false,,2024-06-07T12:55:37Z,"hard techno,techno","BADDIE UP",0.725,0.956,11,-4.393,0,0.0865,0.447,0.842,0.0735,0.433,160.023,4
spotify:track:1bJRd2ey6ER7neSxZwYdAG,"Kisses (feat. bbyclose)","Kisses (feat. bbyclose)","BL3SS;CamrinWatsin;bbyclose",2024-03-22,138246,25,false,,2024-06-06T12:56:23Z,"","SIGNAL >> SUPPLY",0.793,0.779,9,-4.609,0,0.0581,0.279,0.000311,0.314,0.687,142.002,4
spotify:track:4wobkmDH2DEWyyRc2B3XtO,"Meet Her At The Love Parade","Meet Her At The Love Parade","Alfons",2024-04-04,116388,71,false,,2024-06-01T06:27:54Z,"melbourne bounce,epadunk","Bounce & Bass",0.746,0.978,7,-3.74,1,0.0903,0.0609,0.768,0.139,0.32,148.963,4
spotify:track:3VmezKvkt5Tl8ZrmQaFIV4,"LIGHTS","LIGHTS","HARDSTYLE CVNT",2022-10-09,126943,5,false,,2024-06-01T06:01:23Z,"hardstyle","HARDSTYLE CVNT",0.428,0.931,10,-4.51,0,0.0495,0.0103,0.000191,0.341,0.332,164.957,4
spotify:track:2FDTHlrBguDzQkp7PVj16Q,"Sprinter","Sprinter","Dave;Central Cee",2023-06-01,229133,27,true,,2024-05-10T08:53:24Z,"grime,uk grime,uk drill,drill","Neighbourhood / Live Yours",0.918,0.681,1,-4.705,1,0.201,0.263,0,0.0615,0.706,139.057,4
spotify:track:6Gm4p3O6RqNXmIq3u4uyLD,"When Love Takes Over","When Love Takes Over","NO EMOTION",2023-07-23,126890,59,false,,2024-05-06T14:48:03Z,"hypertechno,techno","No Emotion",0.649,0.727,11,-8.422,1,0.238,0.0189,0.000653,0.639,0.426,140.006,4
spotify:track:47Xj8eIAp7hYOOqArmkqZE,"Spin You Around (1/24)","Spin You Around (1/24)","Morgan Wallen",2024-01-26,209427,78,false,,2024-05-05T04:01:13Z,"country","Big Loud Records / Mercury Records",0.622,0.444,4,-6.06,1,0.027,0.795,0,0.152,0.603,141.952,4
spotify:track:2FQrifJ1N335Ljm3TjTVVf,"A Bar Song (Tipsy)","A Bar Song (Tipsy)","Shaboozey",2024-04-12,171291,84,true,,2024-05-04T19:55:22Z,"","American Dogwood / EMPIRE",0.722,0.709,9,-4.95,1,0.0273,0.0633,0,0.0804,0.604,81.012,4
spotify:track:6Sy9BUbgFse0n0LPA5lwy5,"Sandstorm","Before the Storm, Special Edition","Darude",2001-01-01,225493,75,false,,2024-04-30T18:19:55Z,"eurodance","16 Inch Records",0.528,0.965,11,-7.984,0,0.0465,0.141,0.985,0.0797,0.587,136.065,4
spotify:track:086THPnabbu1zfDjRsxpoN,"MONEY ON THE DASH - SPED UP","MONEY ON THE DASH","Elley Duhé;Whethan",2023-01-20,116465,33,false,,2024-04-27T18:47:01Z,"","Not Fit For Society/Good Luck Have Fun Records",0.777,0.816,2,-7.01,0,0.189,0.0324,0.0000794,0.138,0.516,150.09,4
spotify:track:6TQ9SK0JoLalpPZEHOn5s8,"Around The World - Techno Remix","Around The World (Techno Remix)","Fyex",2023-10-20,122908,2,false,,2024-04-27T18:35:35Z,"phonk,brazilian phonk,hypertechno","Fyex",0.752,0.63,10,-7.304,0,0.0759,0.332,0.348,0.252,0.359,147.045,4
spotify:track:3dj4wgM3cPeuLwMNHDuBon,"The Door","I've Tried Everything But Therapy (Part 1)","Teddy Swims",2023-09-15,212648,88,false,,2024-04-19T11:35:17Z,"","Warner Records",0.731,0.861,8,-5.483,0,0.0532,0.0193,0,0.123,0.759,127.922,4
spotify:track:7leW1Dmvs9A4oDh9i5Qwpz,"These Words","These Words","Badger;Natasha Bedingfield",2024-04-05,136580,73,false,,2024-04-19T11:24:33Z,"bassline,uk garage","Sony Music UK",0.595,0.989,5,-2.695,1,0.0736,0.017,0,0.321,0.223,129.989,4
spotify:track:59xD5osEFsaNt5PXfIKUnX,"Illusion","Illusion","Dua Lipa",2024-04-11,188143,5,false,,2024-04-18T17:07:22Z,"pop","Warner Records",0.677,0.763,8,-4.701,0,0.0471,0.0235,0.00000204,0.0894,0.719,126.962,4
spotify:track:7GiIesmRSV5P2536e8doE5,"Hey Girl (Shake It)","Hey Girl (Shake It)","Global Deejays",2018-03-09,167956,35,false,,2024-04-14T09:19:46Z,"electronic classical","Subside Records snc",0.685,0.934,0,-3.94,1,0.0716,0.014,0.000326,0.585,0.818,126.031,4
spotify:track:05GvwwTLLID738BbKN1ze0,"Because You Move Me","Because You Move Me","Tinlicker;Helsloot",2017-07-31,196375,77,false,,2024-04-07T15:05:06Z,"melodic house,progressive house,melodic techno,house","Armada Electronic Elements",0.789,0.435,2,-9.506,0,0.149,0.691,0.0418,0.107,0.166,122.995,4
spotify:track:6NdnvPwQvZb147DVa4x14h,"Heartbroken (feat. Jessie Murph & Polo G)","Heartbroken (feat. Jessie Murph & Polo G)","Diplo;Jessie Murph;Polo G",2023-07-21,204325,61,false,,2024-03-22T19:02:34Z,"moombahton","Columbia",0.67,0.589,2,-5.693,1,0.0873,0.379,0,0.0942,0.628,146.978,4
spotify:track:4qPHvX6Mz5tp5lLdimYhDm,"Visit (feat. Stepz)","Ny Sejr","Benny Jamz;Stepz",2023-05-04,177099,38,true,,2024-03-14T06:48:38Z,"dansk rap,dansktop,dansk pop","Universal Music A/S",0.86,0.65,1,-6.424,0,0.315,0.145,0,0.103,0.624,143.943,4
spotify:track:7gaA3wERFkFkgivjwbSvkG,"yes, and?","yes, and?","Ariana Grande",2024-01-12,214994,74,true,,2024-03-09T14:20:48Z,"pop","Republic Records",0.787,0.775,1,-6.614,1,0.0548,0.19,0.0000654,0.113,0.787,118.998,4
spotify:track:7Lk83uozmGWre1q8eyOOUP,"Just the Two of Us (feat. Bill Withers)","Love Songs","Grover Washington, Jr.;Bill Withers",1979,438493,59,false,,2024-03-03T21:51:06Z,"soul jazz,smooth jazz,soul","Rhino/Elektra",0.749,0.497,10,-12.609,0,0.105,0.41,0.0499,0.0504,0.585,95.818,4
spotify:track:31nfdEooLEq7dn3UMcIeB5,"Vois sur ton chemin - Techno Mix","Vois sur ton chemin (Techno Mix)","BENNETT",2023-08-04,178156,81,false,,2024-02-26T19:34:32Z,"hypertechno,techno","Warner Music Central Europe",0.634,0.824,2,-3.394,0,0.047,0.0908,0.0711,0.119,0.371,137.959,4
spotify:track:0oerlffJSzhRVvtDfLcp3N,"Wanted Dead Or Alive","Slippery When Wet","Bon Jovi",1986-08-16,308666,72,false,,2024-02-26T19:01:06Z,"glam metal","Island Records",0.253,0.803,7,-3.977,1,0.0392,0.129,0.0146,0.309,0.258,150.036,4
spotify:track:1eMUGMEWrvTXYWrPobq2dH,"Heute Nacht","Heute Nacht","Maddix",2022-10-14,204444,67,false,,2024-02-24T11:21:59Z,"big room,techno,hard techno,acid techno,hypertechno","Revealed Recordings",0.609,0.912,11,-6.593,0,0.0391,0.0196,0.478,0.133,0.0391,135.027,4
spotify:track:6uYnM3pZBgvEh95lrsqSJS,"Somebody To Love","Somebody To Love","Basstrologe",2021-03-12,136195,65,false,,2024-02-21T10:08:38Z,"techno","Spinnin' Deep",0.677,0.872,6,-7.673,1,0.232,0.253,0.0368,0.127,0.197,138.003,4
spotify:track:09CnYHiZ5jGT1wr1TXJ9Zt,"Thank You (Not So Bad)","Thank You (Not So Bad)","Dimitri Vegas & Like Mike;Tiësto;Dido;W&W;Dimitri Vegas;Like Mike",2023-12-01,140000,84,false,,2024-02-18T17:10:54Z,"big room,electronica,edm,trance","Ministry of Sound Recordings",0.673,0.95,11,-5.149,1,0.0488,0.0229,0.0823,0.398,0.563,150.019,4
spotify:track:32wAVCR8Jr55wtYvoVpIOx,"The Valhalla King","Vibes of Life","Collapz",2017-12-24,237955,37,false,,2024-02-08T16:16:40Z,"","Collapz",0.786,0.707,0,-4.919,1,0.122,0.00468,0.822,0.111,0.14,142.996,4
spotify:track:1fQaoh3imrMunWVZh5kf90,"Shepherd of Fire","Hail to the King","Avenged Sevenfold",2013-08-23,323800,74,false,,2024-01-31T17:29:40Z,"metal,alternative metal","Warner Records",0.576,0.906,2,-7.677,1,0.0571,0.000332,0.0614,0.0908,0.211,127.935,4
spotify:track:3RAFcUBrCNaboRXoP3S5t1,"Psychosocial","All Hope Is Gone (10th Anniversary)","Slipknot",2008-08-20,284120,82,false,,2024-01-31T17:29:28Z,"nu metal,metal,alternative metal,rap metal,heavy metal","Roadrunner Records",0.568,0.981,2,-3.889,1,0.0887,0.00269,0.00275,0.0243,0.307,135.146,4
spotify:track:2UREu1Y8CO4jXkbvqAtP7g,"Monster","Awake","Skillet",2009-08-21,178013,84,false,,2024-01-31T17:29:08Z,"christian rock,christian alternative rock,christian","Atlantic Records",0.64,0.957,8,-2.336,1,0.0741,0.0431,0,0.0789,0.692,134.992,4
spotify:track:6wqJeItl3Vc3az4ZicSQAB,"Before I Forget","Vol. 3: The Subliminal Verses (Special Edition)","Slipknot",2004,278600,81,false,,2024-01-26T18:40:43Z,"nu metal,metal,alternative metal,rap metal,heavy metal","Roadrunner Records",0.291,0.974,6,-2.997,0,0.171,0.0177,0.00000544,0.886,0.348,134.724,4
spotify:track:61mWefnWQOLf90gepjOCb3,"Duality","Vol. 3: The Subliminal Verses (Special Edition)","Slipknot",2004,252613,86,false,,2024-01-26T18:40:40Z,"nu metal,metal,alternative metal,rap metal,heavy metal","Roadrunner Records",0.354,0.982,4,-3.026,0,0.168,0.000237,0.000294,0.204,0.194,143.772,4
spotify:track:7AxbDCxi8MWazbVUR11nfK,"Special","Meridian & Special","Dave;Tiakola",2023-08-25,247506,8,true,,2024-01-26T16:59:53Z,"grime,uk grime,uk drill,drill,french rap,pop urbaine,french r&b","Dave / Neighbourhood Recordings",0.741,0.759,2,-6.495,0,0.243,0.25,0,0.152,0.843,143.08,4
spotify:track:3ddJUAVAo7b1AnNWi7jtZX,"Rise Again","Rise Again","Adelphi Music Factory",2022-08-11,183112,29,false,,2024-01-18T09:17:13Z,"disco house,funky house","Beat Factory",0.778,0.942,1,-4.239,1,0.174,0.0111,0.177,0.342,0.851,125.962,4
spotify:track:5QOBT97OmYCZo1W5u7tRrB,"ten","ten","Fred again..;Jozzy",2023-10-13,181545,67,false,,2023-12-31T04:35:20Z,"stutter house,house,edm","Atlantic Records UK",0.729,0.594,11,-8.804,0,0.296,0.772,0.00213,0.112,0.41,128.004,4
spotify:track:56y1jOTK0XSvJzVv9vHQBK,"Paint The Town Red","Scarlet","Doja Cat",2023-09-20,230466,77,true,,2023-12-30T22:48:38Z,"","Kemosabe Records/RCA Records",0.864,0.556,2,-7.683,0,0.194,0.255,0.00000385,0.112,0.726,99.974,4
spotify:track:2nGFzvICaeEWjIrBrL2RAx,"Put Your Records On","Corinne Bailey Rae","Corinne Bailey Rae",2006-01-01,215360,82,false,,2023-12-30T00:38:42Z,"","EMI Records",0.739,0.511,9,-7.844,1,0.0362,0.167,0.00000134,0.133,0.542,96.038,4
spotify:track:5u5MpBnvJejW9dHPrfWEXZ,"Superstar","Thank You","Jamelia",2003-06-30,215480,75,false,,2023-12-30T00:28:39Z,"","Roundhill Records",0.801,0.645,1,-6.93,1,0.0356,0.046,0,0.0357,0.824,110.011,4
spotify:track:5EzOFF11G7t07KVu6pJx80,"No More","Discipline Equals Freedom Field Manual, Pt. 1 (Thoughts)","Jocko Willink",2017-10-17,70195,16,false,,2023-12-28T04:54:13Z,"","Jocko Command",0.654,0.33,8,-17.044,0,0.959,0.0613,0,0.112,0.44,76.609,4
spotify:track:1SKPSCy2lMAet3EmjAbDic,"My Soldiers Rage","My Soldiers Rage","Maul",2022-06-12,174694,1,false,,2023-12-27T20:34:14Z,"hardstyle","Maul",0.299,0.717,1,-6.009,1,0.225,0.413,0,0.269,0.667,167.737,1
spotify:track:0uGsBK2fJDMa57QxlMTc1C,"Engage","Discipline Equals Freedom Field Manual, Pt. 1 (Thoughts)","Jocko Willink",2017-10-17,29696,0,false,,2023-12-27T10:07:46Z,"","Jocko Command",0.75,0.386,11,-18.17,0,0.914,0.00447,0,0.18,0.279,111.632,4
spotify:track:5UdYanaYKSiIyfZuzDaS7b,"Begin","Discipline Equals Freedom Field Manual, Pt. 1 (Thoughts)","Jocko Willink",2017-10-17,43334,17,false,,2023-12-27T10:07:38Z,"","Jocko Command",0.724,0.336,8,-18.137,0,0.916,0.00319,0,0.11,0.429,124.126,3
spotify:track:1v1MMb5fYMdEqohK5qH8Lu,"Good","Discipline Equals Freedom Field Manual, Pt. 1 (Thoughts)","Jocko Willink",2017-10-17,195820,28,false,,2023-12-27T10:03:52Z,"","Jocko Command",0.629,0.361,6,-17.404,1,0.959,0.0192,0,0.122,0.482,80.857,1
spotify:track:3u1bL8bUVt7ZU8edAZQYky,"LÆNGE VENTET","LÆNGE VENTET","ARTU;Prod. by PapaPedro",2023-12-25,152000,0,true,,2023-12-26T08:32:51Z,"","ARTU records",0.96,0.562,6,-9.039,0,0.379,0.00503,0.0000497,0.089,0.809,119.913,4
spotify:track:0xmjwnQ3FNE6HuWCt2nHdZ,"Where Is The Love?","Elephunk","Black Eyed Peas",2003-06-24,272533,86,false,,2023-12-25T23:45:56Z,"","A&M",0.834,0.699,5,-3.222,1,0.178,0.111,0,0.131,0.809,94.086,4
spotify:track:4HlFJV71xXKIGcU3kRyttv,"Hey, Soul Sister","Save Me, San Francisco (Golden Gate Edition)","Train",2010-12-01,216773,86,false,,2023-12-25T23:42:18Z,"soft pop","Columbia",0.673,0.886,1,-4.44,0,0.0431,0.185,0,0.0826,0.795,97.012,4
spotify:track:3xdjjKMcMOFgo1eQrfbogM,"Wagon Wheel","True Believers","Darius Rucker",2013-01-01,298373,84,false,,2023-12-25T11:49:38Z,"country","Capitol Records Nashville",0.535,0.66,9,-7.174,1,0.0297,0.455,0,0.135,0.577,148.044,4
spotify:track:5waGccg9kVLjBsaaqJNaRP,"Dance With You","Across The Sheets","Brett Young",2023-08-04,184320,60,false,,2023-12-24T21:54:52Z,"country","BMLG Records",0.65,0.505,7,-6.688,1,0.0254,0.24,0.00000732,0.102,0.502,84.995,4
spotify:track:5FchL36DlmLkxYjaT4tDHm,"Epic Sax","The Best Of: Jr Serpent (2017 -2019)","JR Serpent",2017-12-20,117565,0,false,,2023-12-23T23:03:46Z,"","NEON SERPENTS",0.716,0.618,8,-11.311,0,0.032,0.000429,0.708,0.154,0.979,130.845,4
spotify:track:4Jlkdx6ZLioMTFYEhK5kCU,"Moon Steppa","Moon Steppa","Merro8",2022-11-25,159483,43,false,,2023-12-22T21:01:46Z,"dansk rap,dansk pop,dansktop","Immobiliare Records",0.667,0.738,8,-4.665,1,0.151,0.0353,0,0.107,0.586,172.096,4
spotify:track:2CADfaZxhMXVRANjvmyLRG,"Lakers","Lakers","Merro8",2023-02-10,168429,47,false,,2023-12-22T21:01:42Z,"dansk rap,dansk pop,dansktop","Immobiliare Records",0.855,0.482,5,-7.602,0,0.279,0.191,0,0.133,0.912,139.972,4
spotify:track:19Lap3pvucrN4aEBmmBZRn,"2 Kanoner","2 Kanoner","Merro8",2023-08-25,160615,47,true,,2023-12-22T21:01:40Z,"dansk rap,dansk pop,dansktop","Immobiliare Records",0.776,0.707,9,-5.43,1,0.104,0.292,0,0.174,0.82,130.083,4
spotify:track:3HLVXuHXqFi9x7QCoFWbzF,"New York City","New York City","Merro8",2023-11-03,142288,47,false,,2023-12-22T20:52:48Z,"dansk rap,dansk pop,dansktop","Immobiliare Records",0.655,0.749,9,-4.634,1,0.0568,0.0433,0,0.482,0.693,135.049,4
spotify:track:18jOIUboPPzwu84t9GlUKu,"Under Radar","Under Radar","Benny Jamz;Gilli;KESI;B.O.C",2023-06-08,190057,54,true,,2023-12-17T22:54:09Z,"dansk rap,dansktop,dansk pop","Universal Music A/S",0.838,0.564,1,-6.704,1,0.178,0.0042,0.000161,0.114,0.488,129.938,4
spotify:track:3TcL0dyCMyr0kyTTc4NLgI,"Who Says","When The Sun Goes Down","Selena Gomez & The Scene",2011-01-01,195613,77,false,,2023-12-14T06:04:08Z,"","Hollywood Records",0.682,0.927,4,-2.915,1,0.0479,0.0843,0,0.149,0.744,101.019,4
spotify:track:1lkvpmrCaXK8QtliFDcHBO,"Bubbly","Coco","Colbie Caillat",2007-01-01,196226,74,false,,2023-12-12T01:29:55Z,"","Universal Records",0.688,0.477,9,-6.684,1,0.036,0.594,0,0.115,0.257,127.866,4
spotify:track:1NpDnkQO0yWxTtntrC0UNz,"California King Bed","Loud","Rihanna",2010-01-01,251600,70,false,,2023-12-11T21:49:13Z,"","Def Jam Recordings",0.452,0.571,7,-3.992,1,0.036,0.249,0,0.114,0.326,169.884,4
spotify:track:6j3wDNKqEeZ6QwPtCcpJX8,"Stop Giving Me Advice (with Jack Harlow & Dave)","Stop Giving Me Advice","Lyrical Lemonade;Jack Harlow;Dave",2023-12-08,242453,57,true,,2023-12-11T09:11:53Z,"grime,uk grime,uk drill,drill","Lyrical Lemonade P&D/ Def Jam",0.797,0.676,6,-4.861,0,0.204,0.463,0.0000208,0.101,0.91,103.7,4
spotify:track:4EKvRMR2n80eg7gVKFzxF3,"Blue (Da Ba Dee) - Medieval Style","Blue (Da Ba Dee) [Medieval Style]","Cornelius Link",2022-11-18,355983,38,false,,2023-12-11T04:58:49Z,"mediaeval","Cornelius Link",0.773,0.818,7,-8.126,0,0.0424,0.511,0.918,0.0682,0.972,122.015,4
spotify:track:2ZyBMmb7t45FBKWNbcEd4D,"Blinding Lights - Medieval Style","Blinding Lights","Cornelius Link",2020-11-20,211315,35,false,,2023-12-11T04:58:34Z,"mediaeval","Cornelius Link",0.553,0.652,0,-10.967,0,0.0327,0.598,0.858,0.109,0.353,84.961,4
spotify:track:4MXqpnu9lAqqkjSHVlBVoZ,"Pickup Man","HIXTAPE: Vol 3: DIFFTAPE (Small Batch)","HIXTAPE;Joe Diffie;Post Malone",2023-11-09,216194,57,false,,2023-12-09T18:59:23Z,"country,classic country,honky tonk","Big Loud Records / Mercury Records",0.555,0.865,7,-3.538,1,0.0331,0.159,0,0.167,0.841,141.078,4
spotify:track:0pOsvtGX3tuYk0CKf0cxij,"Disko i KBH","Disko i KBH","Blæst",2023-10-20,175426,0,false,,2023-12-06T07:15:24Z,"dansk pop,dansktop","Universal Music A/S",0.867,0.59,9,-5.313,0,0.045,0.164,0,0.34,0.897,115.012,4
spotify:track:4DXfOXYv0ki7IR3P0XRcMY,"Speakers","Montevallo","Sam Hunt",2014-10-24,228093,52,false,,2023-12-06T06:44:17Z,"country,pop country","MCA Nashville",0.594,0.459,9,-7.507,1,0.0419,0.712,0,0.169,0.316,75.082,4
spotify:track:7IWV29mryrqtO0JVgnPtfv,"Cold As You","What You See Ain't Always What You Get (Deluxe Edition)","Luke Combs",2020-10-23,186106,68,false,,2023-12-06T06:43:58Z,"country","River House Artists/Columbia Nashville",0.598,0.846,6,-4.956,1,0.0355,0.0527,0,0.113,0.328,144.04,4
spotify:track:5OELUCYgOHKFAvCERnAvfS,"More Than My Hometown","Dangerous: The Double Album","Morgan Wallen",2021-01-08,216573,9,false,,2023-12-06T06:42:58Z,"country","Big Loud / Republic",0.62,0.869,6,-5.479,1,0.0462,0.615,0,0.131,0.597,126.019,4
spotify:track:0w3Q14i073jLoew1hgJkwD,"Heartache On The Dance Floor","California Sunrise","Jon Pardi",2016-05-13,205200,79,false,,2023-12-06T06:42:52Z,"country,acoustic country","Capitol Records Nashville",0.596,0.833,9,-4.308,1,0.0474,0.0563,0,0.0866,0.618,115.997,4
spotify:track:3wx2kQWPn9p5UppQbNhPAk,"Leave The Night On","Montevallo","Sam Hunt",2014-10-24,192160,67,false,,2023-12-06T06:42:46Z,"country,pop country","MCA Nashville",0.514,0.951,9,-3.813,1,0.0603,0.0951,0,0.349,0.838,171.96,4
spotify:track:0TQ9Hf5DwI9crGZSIlq445,"I Know She Ain't Ready","The Way She Rides","Luke Combs",2016-11-04,184746,68,false,,2023-12-06T06:42:38Z,"country","River House Artists",0.477,0.728,8,-5.975,1,0.0337,0.0449,0,0.101,0.613,162.084,4
spotify:track:42fw0rxRO2xbesF6mJfd4Y,"Tequila","Dan + Shay","Dan + Shay",2018-06-22,196746,72,false,,2023-12-06T06:42:18Z,"country","Warner Records",0.489,0.581,11,-5.731,1,0.0281,0.0312,0,0.132,0.494,86.016,4
spotify:track:4S518ci8UY4op0Xyp6Hx6o,"Toes","The Foundation","Zac Brown Band",2008-11-17,262773,78,true,,2023-12-06T06:41:56Z,"country,acoustic country","Home Grown Music",0.801,0.759,11,-5.398,1,0.0378,0.657,0,0.0897,0.821,129.971,4
spotify:track:0LQtEJt7x0s6knb6RKdRYc,"Chicken Fried","The Foundation","Zac Brown Band",2008-11-17,238146,83,false,,2023-12-04T15:32:12Z,"country,acoustic country","Home Grown Music",0.566,0.713,6,-4.25,1,0.0418,0.645,0,0.114,0.805,169.861,4
spotify:track:2UikqkwBv7aIvlixeVXHWt,"You Should Probably Leave","Starting Over","Chris Stapleton",2020-11-13,213493,86,false,,2023-12-04T15:30:39Z,"country,outlaw country","Mercury Nashville",0.602,0.477,9,-8.425,1,0.032,0.268,0.000031,0.173,0.552,183.89,4
spotify:track:2kR18wsL3gvXRXdNE4dCGc,"Homegrown","JEKYLL + HYDE","Zac Brown Band",2015-04-28,205000,74,false,,2023-12-04T15:21:13Z,"country,acoustic country","Home Grown Music",0.712,0.807,6,-3.976,1,0.0297,0.0244,0.000122,0.0905,0.936,105.024,4
spotify:track:06gD2ZtK3Dzc1BYqWExQJJ,"Broken Halos","From A Room: Volume 1","Chris Stapleton",2017-05-05,180906,79,false,,2023-12-04T13:42:05Z,"country,outlaw country","Mercury Nashville",0.613,0.564,8,-7.085,1,0.0251,0.134,0.00000165,0.0585,0.538,78.388,4
spotify:track:2KtGiBi5CrX2ERPD2PAS34,"Dancin’ In The Country","Tyler Hubbard","Tyler Hubbard",2023-01-27,179640,74,false,,2023-12-04T11:03:19Z,"country","EMI Nashville",0.657,0.871,7,-4.614,1,0.0675,0.0031,0,0.102,0.532,114.974,4
spotify:track:7GAaTpSoTWUTbP2Yxlt4Hd,"Need You Now","Need You Now","Lady A",2010-01-01,236440,78,false,,2023-12-04T10:56:36Z,"country,pop country","Capitol Nashville",0.581,0.717,4,-4.433,1,0.0318,0.0298,0.000185,0.243,0.316,107.884,4
spotify:track:1mMLMZYXkMueg65jRRWG1l,"When It Rains It Pours","This One's for You","Luke Combs",2017-06-02,242680,85,false,,2023-11-30T07:26:53Z,"country","River House Artists/Columbia Nashville",0.551,0.801,6,-5.069,1,0.0303,0.013,0.00000603,0.265,0.625,128.027,4
spotify:track:10M2Ex445zw585Ducldzkw,"In Case You Didn't Know","Brett Young","Brett Young",2017-02-10,224853,76,false,,2023-11-30T07:24:10Z,"country","Big Machine Label Group, LLC",0.607,0.536,10,-7.306,1,0.0302,0.386,0,0.102,0.436,147.992,4
spotify:track:7INk3focyW89pATBgageU7,"Good Times Go By Too Fast","Livin' My Best Life","Dylan Scott",2022-08-05,169573,69,false,,2023-11-30T07:24:07Z,"country","Curb Records",0.66,0.706,5,-5.219,1,0.0291,0.092,0,0.129,0.453,114.991,4
spotify:track:1ZpPaBDswjV3VSUKqLDXPE,"23","23","Chayce Beckham",2021-05-14,228144,68,false,,2023-11-26T19:47:56Z,"country","BMG Rights Management (US) LLC",0.626,0.583,0,-7.346,0,0.0318,0.276,0,0.141,0.428,87.977,4
spotify:track:3WMj8moIAXJhHsyLaqIIHI,"Something in the Orange","Something in the Orange","Zach Bryan",2022-04-22,228013,87,false,,2023-11-26T19:43:05Z,"country,red dirt","Warner Records",0.369,0.192,4,-12.151,0,0.04,0.555,0.00000835,0.0954,0.148,175.212,3
spotify:track:59uQI0PADDKeE6UZDTJEe8,"Last Night","3 Songs At A Time Sampler","Morgan Wallen",2023-01-31,163854,11,true,,2023-11-26T19:35:08Z,"country","Big Loud Records / Mercury Records / Republic Records",0.492,0.673,6,-5.431,1,0.0347,0.413,0,0.137,0.488,203.812,4
spotify:track:72kGuWpRiuA149Bn5lDkIO,"We Ride","Poets & Old Souls","Bryan Martin",2023-03-31,188482,77,true,,2023-11-26T19:33:51Z,"country,country rock,outlaw country","Average Joes Entertainment",0.62,0.706,3,-4.176,1,0.0251,0.0755,0.00000778,0.185,0.591,81.989,4
spotify:track:28n8z9IQKyjMPxmvYMBqZa,"The Kind of Love We Make","The Kind of Love We Make","Luke Combs",2022-06-17,224435,70,false,,2023-11-26T19:33:33Z,"country","River House Artists/Columbia Nashville",0.608,0.745,1,-4.13,1,0.0277,0.0226,0.00000647,0.0942,0.464,102.025,4
spotify:track:0OWZFobGSIW9GrSlQ9C5pc,"Marry Me","Life Changes","Thomas Rhett",2017-09-08,205453,67,false,,2023-11-26T14:34:07Z,"country,acoustic country,pop country","The Valory Music Co.",0.583,0.412,3,-8.633,1,0.0238,0.0976,0,0.113,0.499,84.952,4
spotify:track:1HXy5I3HTWq8OvxCn0z7G7,"Heaven","Kane Brown (Deluxe Edition)","Kane Brown",2017-10-06,177333,72,false,,2023-11-26T14:34:01Z,"country,pop country","RCA Records Label Nashville",0.677,0.556,9,-6.544,1,0.0306,0.263,0,0.105,0.521,80.006,4
spotify:track:2rxQMGVafnNaRaXlRMWPde,"Beautiful Crazy","This One's for You Too (Deluxe Edition)","Luke Combs",2018-06-01,193466,80,false,,2023-11-26T14:34:00Z,"country","River House Artists/Columbia Nashville",0.551,0.402,11,-7.431,1,0.0262,0.676,0,0.0928,0.382,103.313,4
spotify:track:6gdLyYNuhWBzqwlOFSsXC7,"Better Together","What You See Is What You Get","Luke Combs",2019-11-08,217573,73,false,,2023-11-26T14:33:49Z,"country","River House Artists/Columbia Nashville",0.552,0.225,0,-11.501,1,0.0477,0.827,0,0.111,0.67,138.002,4
spotify:track:5HGibWoxnkYSkl6mHmAlOE,"That's My Kind Of Night","Crash My Party","Luke Bryan",2013-01-01,190186,76,false,,2023-11-25T12:48:13Z,"country,acoustic country","Capitol Records Nashville",0.662,0.749,7,-2.891,1,0.048,0.0597,0,0.105,0.895,109.995,4
spotify:track:13gzqa9L58ZszOIqON5ZZR,"Earthshine","Earthshine","KhoMha",2021-10-15,148613,38,false,,2023-11-23T15:15:28Z,"trance,progressive trance","Armind",0.532,0.88,9,-8.751,0,0.0369,0.0207,0.919,0.0847,0.12,128.014,4
spotify:track:6bFsQ6yOp3z5mGNkhWP0P1,"You Give Me Something","Undiscovered (International Version)","James Morrison",2006-01-01,213173,68,false,,2023-11-20T13:47:10Z,"","Polydor Records",0.559,0.688,7,-6.496,1,0.114,0.216,0,0.0855,0.578,79.753,4
spotify:track:1Yw6ViCo3tuufI0Hg4mzSU,"You Make It Real","Songs For You, Truths For Me (International Exclusive Bundle)","James Morrison",2008-01-01,211400,58,false,,2023-11-20T13:00:46Z,"","Polydor Records",0.317,0.57,0,-5.331,1,0.0324,0.242,0,0.145,0.322,84.253,4
spotify:track:63kLorCFyk4ZHMHPhcWOtO,"Life Goes On (feat. Luke Combs)","Life Goes On (feat. Luke Combs)","Ed Sheeran;Luke Combs",2023-05-03,210208,68,false,,2023-11-20T12:16:02Z,"soft pop,country","Atlantic Records UK",0.505,0.339,1,-7.507,1,0.0341,0.743,0,0.201,0.415,153.675,4
spotify:track:69AIpwGNLxr4qS1X5ynx60,"Buy Dirt","Buy Dirt","Jordan Davis;Luke Bryan",2021-05-21,167480,80,false,,2023-11-20T12:00:54Z,"country,pop country,acoustic country","MCA Nashville",0.586,0.559,4,-6.725,1,0.05,0.639,0,0.0872,0.437,177.945,4
spotify:track:698eQRku24PIYPQPHItKlA,"She Got the Best of Me","This One's for You Too (Deluxe Edition)","Luke Combs",2018-06-01,183160,80,false,,2023-11-19T14:16:00Z,"country","River House Artists/Columbia Nashville",0.533,0.907,11,-3.793,1,0.0406,0.0292,0,0.386,0.7,150.99,4
spotify:track:6IBcOGPsniK3Pso1wHIhew,"Forever After All","What You See Ain't Always What You Get (Deluxe Edition)","Luke Combs",2020-10-23,232489,82,false,,2023-11-18T21:39:08Z,"country","River House Artists/Columbia Nashville",0.487,0.65,0,-5.195,1,0.0253,0.191,0,0.0933,0.456,151.964,4
spotify:track:6PTn6uJPekoEtfikiudUv7,"Let Love Be Love","Let Love Be Love","S.O.A.P.;Christina;Remee;Juice",1999-09-26,294626,29,false,,2023-11-18T10:35:25Z,"eurodance,europop,christmas","Columbia",0.671,0.562,6,-6.207,1,0.023,0.163,0,0.109,0.288,89.035,4
spotify:track:7uDTc1eJwsD7iMZLhdp8LH,"Who Needs Love","The New Toronto 3","Tory Lanez",2020-04-10,173870,56,true,,2023-11-17T22:15:59Z,"","Interscope Records",0.762,0.674,7,-7.043,1,0.126,0.0462,0,0.22,0.432,101.988,4
spotify:track:16Ah4QqH4mgYVXqfC4mdSd,"LUV","I Told You","Tory Lanez",2016-08-19,228640,75,true,,2023-11-17T20:01:33Z,"","Benny Blanco Major",0.542,0.528,11,-8.113,0,0.243,0.0108,0,0.117,0.253,190.42,4
spotify:track:0Odu228D0yGcFySGuxU4rY,"The Take (feat. Chris Brown)","Chixtape 5","Tory Lanez;Chris Brown",2019-11-15,221492,70,true,,2023-11-17T19:59:37Z,"r&b","Mad Love/Interscope Records",0.464,0.547,7,-8.137,0,0.339,0.0511,0,0.155,0.423,67.003,4
spotify:track:3azJifCSqg9fRij2yKIbWz,"The Color Violet","Alone At Prom","Tory Lanez",2021-12-10,226466,88,false,,2023-11-17T16:35:01Z,"","One Umbrella Records",0.645,0.534,6,-10.8,0,0.0479,0.157,0,0.0863,0.463,105.02,4
spotify:track:1Is8hGpkGMiePASAxBluxM,"16","The Melodic Blue","Baby Keem",2021-09-10,156040,78,true,,2023-11-17T06:56:08Z,"","Columbia",0.701,0.782,1,-4.987,1,0.138,0.0918,0.00000231,0.124,0.57,94.03,4
spotify:track:51aYPHVdOL9sIPOZj9dlXK,"Be Honest","Lost & Found","Jorja Smith;Burna Boy",2019-11-20,207030,55,false,,2023-11-17T06:55:57Z,"uk r&b,afrobeats,afrobeat,afropop,afroswing,dancehall,afropiano","Famm Limited",0.767,0.746,4,-5.891,0,0.106,0.344,0,0.11,0.635,98.04,4
spotify:track:7zkLpY72g6lKQbiHDqri1S,"Sunrise","Feels Like Home","Norah Jones",2004-01-01,200626,75,false,,2023-10-24T10:47:27Z,"jazz pop","Blue Note Records",0.526,0.299,8,-13.797,1,0.031,0.941,0.097,0.106,0.679,156.848,4
spotify:track:60jzFy6Nn4M0iD1d94oteF,"Rude Boy","Rated R","Rihanna",2009-11-20,222920,82,true,,2023-10-15T18:34:05Z,"","Def Jam Recordings",0.563,0.75,11,-4.496,1,0.127,0.113,0,0.0788,0.812,173.909,4
spotify:track:6WAxKNbZoGNzQTIvdMqkFs,"Sex With Me","ANTI (Deluxe)","Rihanna",2016-01-28,206400,1,true,,2023-10-15T18:32:52Z,"","Roc Nation / Rihanna",0.58,0.532,1,-5.668,0,0.0424,0.294,0,0.0948,0.39,112.049,4
spotify:track:3sP3c86WFjOzHHnbhhZcLA,"Give Your Heart a Break","Unbroken","Demi Lovato",2011-01-01,205346,76,false,,2023-10-15T17:59:48Z,"","Hollywood Records",0.651,0.695,6,-3.218,1,0.0487,0.23,0,0.144,0.569,123.008,4
spotify:track:1V6gIisPpYqgFeWbMLI0bA,"Heart Attack","Demi","Demi Lovato",2013-01-01,210840,84,false,,2023-10-15T17:59:13Z,"","Hollywood Records",0.504,0.785,8,-4.802,1,0.104,0.0738,0,0.239,0.502,173.968,4
spotify:track:6D44ttYlLo965aYN7MQueT,"Evacuate the Dancefloor","Evacuate the Dancefloor","Cascada",2011-05-13,175629,1,false,,2023-10-14T18:07:54Z,"europop,eurodance,nightcore","Puropop",0.745,0.893,2,-1.804,0,0.0314,0.129,0,0.325,0.87,126.969,4
spotify:track:5xEM5hIgJ1jjgcEBfpkt2F,"Complicated","Let Go","Avril Lavigne",2002-06-04,244506,87,false,,2023-10-14T18:01:15Z,"","Arista",0.585,0.776,5,-5.898,1,0.0459,0.0572,0.00000774,0.3,0.427,77.987,4
spotify:track:12KUFSHFgT0XCoiSlvdQi4,"Break Free","My Everything (Deluxe)","Ariana Grande;Zedd",2014-08-22,214840,84,false,,2023-10-14T17:57:46Z,"pop,edm","Universal Records",0.686,0.702,7,-5.325,0,0.0455,0.00637,0.0000446,0.204,0.29,129.948,4
spotify:track:5UatawMsGULDVG2h8wE1KS,"Lights Out","Lights Out","Fred again..;Romy;HAAi",2022-01-20,288348,51,false,,2023-10-12T15:27:22Z,"stutter house,house,edm","Atlantic Records UK",0.596,0.814,9,-8.481,1,0.056,0.00118,0.00286,0.102,0.255,133.203,4
spotify:track:32fmwlkq7srmOAb5N0vdyj,"Echo","Echo","RSCL;Repiet;Julia Kleijn",2023-08-11,134400,69,false,,2023-10-11T11:16:16Z,"stutter house,house","Gemstone Records",0.702,0.878,1,-6.734,0,0.0394,0.242,0.695,0.0988,0.111,124.996,3
spotify:track:2dwnD6tMYqp8zQmfg1XvNQ,"Way It Is","Way It Is","Mr. Belt & Wezol;RSCL",2021-01-25,192905,61,false,,2023-10-11T11:08:44Z,"future house,house,stutter house","Spinnin' Records",0.868,0.69,3,-5.606,0,0.0856,0.0227,0.0526,0.059,0.457,123.997,4
spotify:track:5PXZlm9dBDA8dBXxle5Da8,"Better Times","Better Times","KC Lights;Låpsley",2023-06-09,199015,53,false,,2023-10-10T12:51:45Z,"house","Toolroom",0.567,0.865,2,-5.482,1,0.0674,0.0449,0.0026,0.414,0.509,126.996,4
spotify:track:0goer5e8B6SJaTV2B51k6f,"La bandite","Rien 100 Rien","Jul",2019-06-28,160893,76,true,,2023-10-10T12:46:08Z,"french rap,pop urbaine","D'Or et de Platine",0.845,0.717,5,-6.771,0,0.211,0.666,0,0.11,0.686,122.491,4
spotify:track:7BpyfQEmvi0sUmOq29plEE,"You Don't Know Me (feat. Duane Harden) - Radio Edit","You Don't Know Me (feat. Duane Harden)","Armand Van Helden;Duane Harden",1998-01-01,242333,72,false,,2023-10-10T10:08:32Z,"disco house,future house","London Music Stream",0.772,0.682,10,-6.919,1,0.0701,0.0461,0.00285,0.0672,0.868,129.978,4
spotify:track:6Orwi1oYLckpnBF7NbCbrg,"Baxter (these are my friends)","Baxter (these are my friends)","Fred again..;Baxter Dury",2021-08-03,244034,58,true,,2023-10-10T10:04:13Z,"stutter house,house,edm","Atlantic Records UK",0.487,0.808,11,-4.832,0,0.143,0.00205,0.0589,0.056,0.424,120.143,4
spotify:track:3DsDDXmMtucnf7Etgr0n7x,"I Follow Rivers","Wounded Rhymes (The Lost Sessions)","Lykke Li",2011,228466,51,false,,2023-10-06T05:48:19Z,"","Parlophone Sweden",0.599,0.533,9,-14.032,0,0.0472,0.475,0.00153,0.235,0.607,122.262,4
spotify:track:2j8aMIzFC5QhzyMOx7Sbj6,"Diana (You Don't Even Know)","Diana (You Don't Even Know)","Fred again..",2021-05-14,204878,49,false,,2023-10-05T18:37:08Z,"stutter house,house,edm","!K7 Records",0.837,0.71,2,-7.109,1,0.0762,0.0286,0.019,0.0649,0.694,123.021,4
spotify:track:1halfbhGjFShZwxmnbWE8u,"Clara (the night is dark)","Actual Life 3 (January 1 - September 9 2022)","Fred again..;Clara Ward",2022-10-28,278400,61,false,,2023-10-05T18:36:49Z,"stutter house,house,edm,traditional gospel","Atlantic Records UK",0.585,0.868,8,-7.855,0,0.0393,0.0482,0.138,0.288,0.531,125.011,4
spotify:track:09Rv6ctDE0t9z8zk5FINg8,"Danielle (smile on my face)","Actual Life 3 (January 1 - September 9 2022)","Fred again..;070 Shake",2022-10-28,201230,66,true,,2023-10-05T18:11:43Z,"stutter house,house,edm","Atlantic Records UK",0.678,0.931,5,-5.813,1,0.0867,0.00159,0.0275,0.091,0.346,130.021,4
spotify:track:5w9upngVRHNjdZcRC7Xxr2,"Delilah (pull me out of this)","Actual Life 3 (January 1 - September 9 2022)","Fred again..;Delilah Montagu",2022-10-28,250702,76,false,,2023-10-05T18:11:33Z,"stutter house,house,edm","Atlantic Records UK",0.685,0.827,10,-7.745,1,0.224,0.138,0.00207,0.374,0.586,133.93,4
spotify:track:5Z8Dj3LtbyCMiwE86rhg2f,"Marea (we’ve lost dancing)","Actual Life (April 14 - December 17 2020)","Fred again..;The Blessed Madonna",2021-04-15,285375,77,false,,2023-10-05T18:11:32Z,"stutter house,house,edm","Atlantic Records UK",0.761,0.781,5,-6.778,0,0.141,0.0681,0.108,0.0607,0.473,123.023,4
spotify:track:3YgtkOxZsTuaZdL8McA1FQ,"adore u","adore u","Fred again..;Obongjayar",2023-08-11,220653,72,false,,2023-10-05T18:11:32Z,"stutter house,house,edm,alté","Atlantic Records UK",0.747,0.867,0,-7.311,1,0.088,0.582,0.00413,0.114,0.684,124.015,4
spotify:track:46E2xeKBLrxS8hJ37Gq35G,"Billie (loving arms)","Billie (loving arms)","Fred again..",2021-08-31,217265,57,false,,2023-10-04T15:42:27Z,"stutter house,house,edm","Atlantic Records UK",0.648,0.775,5,-4.798,1,0.0694,0.0561,0,0.444,0.371,128.072,4
spotify:track:4WiiRw2PHMNQE0ad6y6GdD,"Chocolate","The 1975","The 1975",2013-01-01,224673,69,false,,2023-09-27T19:39:45Z,"","Polydor Records",0.614,0.938,11,-4.46,1,0.0612,0.000532,0,0.368,0.608,100.056,4
spotify:track:6DetvocRqx9ELX2aKmwj3g,"How I Feel","How I Feel","Martin Ikin;Hayley May",2019-07-12,189875,50,false,,2023-09-27T17:24:25Z,"tech house,house","Toolroom Records",0.588,0.965,6,-5.684,1,0.0367,0.00163,0.0844,0.35,0.355,123.992,4
spotify:track:2PspwQLfDzLUOyaxQ7de5L,"Ecstasy - Mixed","Café Kitsuné Mixed by Fabich","Fabich;Jafunk;Pastel;Bambie",2020-08-07,139558,3,false,,2023-09-27T17:12:41Z,"funky house,nu disco,uk r&b,dream pop","Kitsuné Musique",0.686,0.7,4,-11.281,0,0.0663,0.206,0.0374,0.143,0.507,119.953,4
spotify:track:0TIYRdf5622SXVPEDvawPy,"Sittin' On Top Of The World (feat. 21 Savage)","I Told Them...","Burna Boy;21 Savage",2023-08-24,188290,52,true,,2023-09-20T12:52:01Z,"afrobeats,afrobeat,afropop,afroswing,dancehall,afropiano","Spaceship/ Bad Habit/Atlantic Records",0.797,0.848,1,-4.484,1,0.0818,0.0326,0.000218,0.108,0.769,98.005,4
spotify:track:5XFktAerFHxM4tp7EhzTrh,"Lost","Lost","RSCL;it's murph;Twin Diplomacy;Jack August",2022-11-04,153182,68,false,,2023-09-16T15:25:01Z,"stutter house,house","Gemstone Records",0.672,0.868,11,-6.525,0,0.0412,0.00185,0.492,0.244,0.491,126.03,4
spotify:track:0bRXwKfigvpKZUurwqAlEh,"Lovely Day","Menagerie","Bill Withers",1977-10-29,257157,83,false,,2023-08-25T19:49:39Z,"soul","Columbia/Legacy",0.692,0.651,9,-8.267,1,0.0324,0.292,0.00241,0.105,0.706,97.923,4
spotify:track:2yymjXnny2gXuNHSuIR076,"Noget Med Noget","Ny Sejr","Benny Jamz",2023-05-04,141413,49,true,,2023-08-14T18:40:45Z,"dansk rap,dansktop,dansk pop","Universal Music A/S",0.933,0.647,3,-5.613,0,0.187,0.274,0,0.137,0.922,125.073,4
spotify:track:1LzZuD8TsgFC8kG5DoocWb,"Young Habibi (feat. Lamin)","Ny Sejr","Benny Jamz;Lamin",2023-05-04,142148,44,true,,2023-08-14T18:40:43Z,"dansk rap,dansktop,dansk pop","Universal Music A/S",0.936,0.721,8,-5.365,0,0.286,0.414,0,0.247,0.856,124.994,4
spotify:track:0lSLXxc1x5PYnDIHgFtlHD,"Rice & Peas","Ny Sejr","Benny Jamz",2023-05-04,187850,41,true,,2023-08-14T18:40:40Z,"dansk rap,dansktop,dansk pop","Universal Music A/S",0.818,0.639,3,-5.629,0,0.343,0.15,0,0.0879,0.536,136.018,4
spotify:track:5tZxOmkejh6NcTpiwQyXu5,"Ny Sejr","Ny Sejr","Benny Jamz",2023-05-04,173426,51,true,,2023-08-14T18:40:38Z,"dansk rap,dansktop,dansk pop","Universal Music A/S",0.907,0.557,1,-6.162,1,0.238,0.505,0,0.119,0.53,104.98,4
spotify:track:77hjBYaoYSarTwkaawkdpr,"Kold Sport","Ny Sejr","Benny Jamz",2023-05-04,196535,48,true,,2023-08-14T18:40:34Z,"dansk rap,dansktop,dansk pop","Universal Music A/S",0.92,0.493,2,-5.75,1,0.0843,0.0526,0.00000743,0.143,0.303,113.062,4
spotify:track:412luShbmlgqqgYFStIB1s,"Wish You Were Mine - Radio Edit","Wish You Were Mine","Philip George",2014-12-26,177560,72,false,,2023-08-07T06:31:23Z,"","All Around The World",0.654,0.832,7,-4.164,0,0.0293,0.0126,0.0901,0.102,0.407,123.002,4
spotify:track:1cQld05IcUDw3RCFt7uymW,"Be The One","Be The One","Eli Brown",2023-03-31,169852,69,false,,2023-08-04T15:11:31Z,"techno,tech house","Polydor Records",0.651,0.932,0,-5.074,1,0.0419,0.0053,0.156,0.104,0.578,135.98,4
spotify:track:3TlIt0ReIxPsVZcOEivT5U,"It's Not Unusual","Along Came Jones","Tom Jones",1965-05-01,119800,73,false,,2023-07-23T11:09:09Z,"","UMC (Universal Music Catalogue)",0.476,0.722,0,-10.017,1,0.0646,0.598,0,0.184,0.909,92.966,4
spotify:track:2G0GextMwZJLkNxcSZ7ZJ3,"(What A) Wonderful World - Mono","The Wonderful World Of Sam Cooke","Sam Cooke",1960-02,128786,66,false,,2023-07-23T11:09:03Z,"motown,soul,classic soul","ABKCO Music & Records, Inc.",0.686,0.672,11,-5.523,1,0.0323,0.7,0,0.135,0.857,128.55,4
spotify:track:3dDzBfNFF5jekdxawoTPT7,"Tokyo Drift","Tokyo Drift","ZODIVK;dnvn;BELCAST;Phonk King;NIGHTMORSS",2023-06-23,120999,60,false,,2023-07-19T14:47:50Z,"phonk,brazilian phonk,drift phonk","Magic Records",0.87,0.68,0,-6.54,1,0.0962,0.0391,0.6,0.15,0.297,126.923,4
spotify:track:0Ee9oam0N0ZzxZSN9nogTQ,"Antar (After N. Rimsky-Korsakov): No. 7, Allegretto","Ravel: Orchestral Works, Vol. 5","Maurice Ravel;Andre Dussollier;Orchestre National De Lyon;Leonard Slatkin",2017-04-14,65960,0,false,,2023-07-14T21:07:21Z,"impressionism,classical,classical piano,neoclassical,orchestral","Naxos",0.152,0.0116,5,-33.668,1,0.0387,0.749,0.855,0.294,0.0387,137.649,4
spotify:track:0c9YITBx27aVPVC7baiOmB,"Petite suite de concert, Op. 77: III. Un sonnet d'amour","African Heritage Symphonic Series, Vol. 1","Samuel Coleridge-Taylor;Chicago Sinfonietta;Paul Freeman",2000-01-01,185400,0,false,,2023-07-14T18:46:17Z,"classical","Cedille",0.0999,0.00994,9,-34.682,1,0.0437,0.902,0.121,0.13,0.0614,70.667,3
spotify:track:4LxTAQIdKiMF0asyX2Byzw,"The Marriage of Figaro, K. 492: ""Overture""","The Marriage of Figaro, K. 492: ""Overture""","Wolfgang Amadeus Mozart;Metamorphose String Orchestra;Pavel Lyubomudrov",2023-02-03,156000,37,false,,2023-07-14T18:43:20Z,"classical,classical piano,opera,chamber music,concerto","Halidon",0.351,0.24,0,-17.548,1,0.0377,0.925,0.921,0.0999,0.35,150.4,4
spotify:track:6UsDf89sHDBewBBw7hc0Qc,"MTG - REBOLA NO MEU C4RALHO","MTG - REBOLA NO MEU C4RALHO","DJ LA BEAT",2021-04-20,207692,45,true,,2023-07-11T10:13:48Z,"brazilian phonk,phonk","DJ LA BEAT",0.95,0.914,2,-3.873,0,0.255,0.301,0.0119,0.109,0.124,130.086,4
spotify:track:4rPyLUkNLGWRSWr5PtKiuD,"Told You So","Told You So","Christopher",2014-03-22,210428,50,false,,2023-06-22T16:49:23Z,"dansk pop","Parlophone Denmark",0.834,0.561,7,-5.948,0,0.0622,0.0493,0,0.184,0.606,119.987,4
spotify:track:2sR6a3qfX3yHU03pyC2zqA,"Dogs","Dogs","IShowSpeed;Kai Cenat",2023-04-27,100869,41,true,,2023-06-21T11:53:28Z,"","Warner Records",0.794,0.863,11,-2.993,0,0.276,0.00291,0,0.211,0.672,138.118,4
spotify:track:19OHDib8Jrqi3o2nm5lzdA,"My Nigga","My Krazy Life","YG;Jeezy;Rich Homie Quan",2014-03-18,235632,73,true,,2023-06-15T08:25:01Z,"hyphy,southern hip hop,crunk,gangster rap,rap","Def Jam Recordings",0.678,0.479,10,-6.959,0,0.206,0.0812,0,0.207,0.762,171.12,4
spotify:track:6yVjjQA31SLM1kc4j5jPwF,"BRAZILIAN DANÇA PHONK","BRAZILIAN DANÇA PHONK","6YNTHMANE;RXDXVIL",2023-05-12,118194,66,true,,2023-06-15T06:14:01Z,"phonk,brazilian phonk","6YNTHMANE X RXDXVIL",0.748,0.99,1,-2.39,1,0.151,0.303,0.132,0.267,0.386,126.015,4
spotify:track:78dGpGY3eSm7NGLFtVhQDJ,"Poison","Poison","Smokey Bubblin' B",2021-11-26,276000,57,false,,2023-06-09T09:37:26Z,"rally house,uk garage,house","Smokey Bubblin' B",0.822,0.803,11,-7.958,0,0.0481,0.000726,0.523,0.0667,0.813,127.003,4
spotify:track:4JEtAKOmZ7j38JhpDlyv6b,"My Secret Lover","My Secret Lover","Private",2007-01-01,182466,50,false,,2023-06-05T18:47:49Z,"dansk pop","Universal Music A/S",0.813,0.845,0,-4.315,1,0.068,0.044,0,0.368,0.931,107.737,4
spotify:track:2MymczAULhpJYbgyXwwiyw,"Too Much For Me","Too Much For Me","SELKER",2022-07-29,153869,76,false,,2023-06-03T22:48:55Z,"house","Warner Records",0.736,0.848,10,-6.932,1,0.0312,0.292,0.125,0.169,0.531,127.964,4
spotify:track:7MIhUdNJtaOnDmC5nBC1fb,"Deep Down (feat. Never Dull)","Deep Down (feat. Never Dull)","Alok;Ella Eyre;Kenny Dope;Never Dull",2022-06-17,165714,76,false,,2023-05-29T08:20:51Z,"brazilian bass,electronic,slap house,electro house,disco house,funky house,jazz house,nu disco,lo-fi house","Columbia/B1 Recordings",0.687,0.818,0,-4.221,1,0.0778,0.0112,0,0.248,0.886,125.952,4
spotify:track:2aoOHHnDzS653vhmsCzmIp,"Not Letting Go (feat. Jess Glynne) - XYconstant Remix","Not Letting Go (feat. Jess Glynne) [Remixes]","Tinie Tempah;Jess Glynne;XYconstant",2015-06-19,288934,57,false,,2023-05-28T16:25:33Z,"grime","Parlophone UK",0.721,0.832,8,-7.251,1,0.0499,0.00945,0.206,0.178,0.303,125.017,3
spotify:track:5QifrqmnjHzdOuBAheeeNU,"Say Something - Zac Samuel Remix","Say Something","Karen Harding;Zac Samuel",2014-01-01,213135,65,false,,2023-05-28T15:42:02Z,"deep house","Capitol",0.701,0.667,7,-6.177,1,0.0361,0.0121,0.00000653,0.148,0.675,119.975,4
spotify:track:4wP6mzWZC94dYmU6OYeljf,"Maria Maria","Maria Maria","TECH IT DEEP",2023-02-08,161801,58,false,,2023-05-27T11:00:00Z,"latin house,afro house","Ministry of Sound Recordings",0.723,0.685,0,-6.79,1,0.086,0.0992,0.000601,0.244,0.386,127.987,4
spotify:track:4qq73N1TKocRaYGQS23b9u,"Fake ID","Foreign Ororo (Special Edition)","Riton;Kah-Lo",2018-10-26,246970,1,false,,2023-05-13T15:10:29Z,"house","Last Gang",0.746,0.862,8,-6.11,1,0.0776,0.21,0.0363,0.225,0.604,122.011,4
spotify:track:4qXjXZPGtVNhQq1z9QDRFn,"People Ain't Dancing (feat. Kah-Lo)","People Ain't Dancing (feat. Kah-Lo)","Billen Ted;Kah-Lo",2022-08-12,154859,55,false,,2023-05-13T15:10:26Z,"","Black Butter",0.877,0.665,5,-6.597,0,0.191,0.0586,0.012,0.0685,0.786,125.017,4
spotify:track:0fgZUSa7D7aVvv3GfO0A1n,"Post to Be (feat. Chris Brown & Jhene Aiko)","Sex Playlist","Omarion;Chris Brown;Jhené Aiko",2014-12-02,226580,75,true,,2023-05-07T10:19:38Z,"r&b","MMG/Atlantic",0.733,0.676,10,-5.655,0,0.0432,0.0697,0,0.208,0.701,97.448,4
spotify:track:0Cv7pfVZT1KjaqpylUsYQH,"Vertigo","Vertigo","Curbi;PollyAnna",2021-05-14,167509,54,false,,2023-05-06T16:37:33Z,"future house,bass house","Monstercat",0.785,0.846,5,-6.5,0,0.0433,0.0832,0.803,0.118,0.334,128.03,4
spotify:track:6TgzESnu09JnYGDosDqNYR,"Live Free","Live Free","Noah Carter",2020-12-11,190873,33,false,,2023-04-30T17:14:15Z,"dansk rap,dansktop,dansk pop","Universal Music A/S Distributed Labels",0.669,0.652,0,-6.328,0,0.0518,0.482,0.000338,0.0931,0.64,144.062,4
spotify:track:4zrKN5Sv8JS5mqnbVcsul7,"Celestial","Celestial","Ed Sheeran",2022-09-29,209026,70,false,,2023-04-20T09:40:54Z,"soft pop","Atlantic Records UK",0.574,0.852,2,-1.248,1,0.0397,0.0529,0,0.161,0.501,123.038,4
spotify:track:5imShWWzwqfAJ9gXFpGAQh,"Waiting On the World to Change","Continuum","John Mayer",2006-09-11,200666,71,false,,2023-02-19T21:56:34Z,"singer-songwriter","Aware/Columbia",0.578,0.756,2,-5.82,1,0.115,0.157,0.000232,0.249,0.663,176.739,4
spotify:track:6FE2iI43OZnszFLuLtvvmg,"Classic","MKTO","MKTO",2012,175426,83,false,,2023-02-11T13:52:18Z,"","Columbia/M2V",0.72,0.791,1,-4.689,1,0.124,0.0384,0,0.157,0.756,102.071,4
spotify:track:50R1kzup8Unwb67AYMOe3c,"Next Up - S4-E2, Pt. 2","Next Up - S4-E2","JBEE;Mixtape Madness",2022-02-09,176666,0,true,,2023-02-05T20:24:53Z,"uk drill,drill,grime,uk grime","Mixtape Madness",0.73,0.717,7,-6.17,0,0.256,0.566,0,0.103,0.538,144.149,4
spotify:track:0HPD5WQqrq7wPWR7P7Dw1i,"TiK ToK","Animal (Expanded Edition)","Kesha",2010-01-01,199693,88,false,,2023-02-05T14:33:20Z,"","RCA Records Label",0.755,0.837,2,-2.718,0,0.142,0.0991,0,0.289,0.714,120.028,4
spotify:track:7aIb17DMLcOhLJIc9vF6Aa,"Phonky Tribu","The Midnight Club GT","Funk Tribu",2021-10-21,286145,60,false,,2023-01-31T13:36:49Z,"hard house,techno,trance,bounce,hard techno,phonk","A Million / Groove Attack",0.731,0.873,11,-7.746,0,0.0518,0.000268,0.851,0.1,0.671,159.984,4
spotify:track:6QdHwnhlwUuJggJLMDoTMm,"Disaster's End","Disaster's End","KSLV Noh",2022-11-17,141538,44,false,,2023-01-31T12:48:26Z,"phonk,drift phonk","KSLV Noh",0.759,0.506,0,-5.372,1,0.0813,0.0946,0.882,0.194,0.546,117.129,4
spotify:track:2WzAAerBvZvvFXgUpSwHZ9,"MIDNIGHT","MIDNIGHT","PLAYAMANE;Nateki",2022-02-13,121972,65,false,,2023-01-31T12:48:25Z,"phonk,drift phonk,brazilian phonk","PLAYAMANE",0.633,0.433,1,-8.833,1,0.229,0.0053,0.28,0.145,0.373,122.088,4
spotify:track:1E8i4Xq9tH2LVWC0b1Sptj,"Sunroof - Loud Luxury Remix","Sunroof (Loud Luxury Remix)","Nicky Youre;hey daisy;Loud Luxury",2022-08-12,173658,54,false,,2023-01-26T08:24:20Z,"","Columbia",0.642,0.76,10,-4.221,1,0.0976,0.0736,0,0.301,0.482,122.898,4
spotify:track:2GYHyAoLWpkxLVa4oYTVko,"Alors on danse - Radio Edit","Cheese","Stromae",2010-01-01,206066,83,false,,2023-01-09T22:36:04Z,"french pop","Universal Music Distributed Labels",0.79,0.593,1,-9.204,0,0.0776,0.0983,0.00202,0.065,0.72,119.958,4
spotify:track:36Zzc3I6s7M318PptKoOJ5,"Gåsehud (Artigeardit X Lamin)","Ny Agenda","Artigeardit;Lamin",2021-10-15,213151,41,true,,2023-01-05T09:59:55Z,"dansk rap,dansktop,dansk pop","Universal Music A/S",0.585,0.465,5,-9.685,0,0.29,0.248,0,0.119,0.496,128.004,4
spotify:track:0Mlrn0ovRRuJkRRk5EehRX,"Habibi","Habibi","KESI",2016-05-27,198000,24,true,,2023-01-05T09:59:36Z,"dansk rap,dansktop,dansk pop","disco:wax",0.773,0.539,9,-6.892,1,0.174,0.0691,0.0000898,0.243,0.557,120.039,4
spotify:track:3VEvsFY82950YaqNz2vvyr,"What A Life","Garden","Scarlet Pleasure",2020-10-12,185942,45,true,,2023-01-01T22:05:59Z,"dansk pop","Universal Music A/S",0.716,0.572,9,-5.095,0,0.0391,0.799,0.00000184,0.0793,0.64,113.797,4
spotify:track:4TduZWpCeQP1YKrrqzPbw4,"Paid","Suave World","Gilli",2022-10-15,136710,49,true,,2022-12-09T00:13:19Z,"dansk rap,dansk pop,dansktop","Universal Music A/S",0.808,0.692,8,-6.708,1,0.188,0.013,0.00323,0.138,0.382,129.04,4
spotify:track:7JJmb5XwzOO8jgpou264Ml,"There's Nothing Holdin' Me Back","Illuminate (Deluxe)","Shawn Mendes",2017-04-20,199440,90,false,,2022-12-08T02:05:24Z,"","Island Records",0.866,0.811,11,-4.063,0,0.0553,0.375,0,0.078,0.969,121.995,4
spotify:track:5KGpEaZ4vxLixw8q1gA8Vi,"Lad Livet Gå","Suave World","Gilli",2022-10-15,153794,43,true,,2022-12-07T21:40:15Z,"dansk rap,dansk pop,dansktop","Universal Music A/S",0.739,0.48,3,-6.662,0,0.207,0.282,0,0.281,0.55,94.967,4
spotify:track:2HDawpoqiyFWzIHxw0hWNQ,"Dubbla Skift","Dubbla Skift","GULEED",2022-02-18,150476,39,true,,2022-12-05T06:57:29Z,"","GULEED under exclusive license to Amuseio AB",0.848,0.399,11,-13.554,0,0.358,0.132,0,0.0633,0.695,126.081,4
spotify:track:1eqIZ2Aki8uty86Qy4bk4N,"On My Mind","On My Mind","Alex1",2021-12-16,80613,0,true,,2022-12-03T23:11:42Z,"uk drill,drill","Alex1",0.875,0.317,8,-13.669,1,0.339,0.574,0,0.0692,0.861,142.961,4
spotify:track:4TsmezEQVSZNNPv5RJ65Ov,"Pon de Replay","Music Of The Sun","Rihanna",2005-08-29,246960,83,false,,2022-11-30T17:52:55Z,"","Def Jam Recordings",0.779,0.64,7,-8.415,1,0.159,0.000155,0.000766,0.101,0.499,99.017,4
spotify:track:0w7JPlp7eEQI2EKW3ayXrv,"Drugs From Amsterdam","Drugs From Amsterdam","Mau P",2022-09-16,235785,72,false,,2022-11-14T11:26:08Z,"tech house,house","Island Records UK / Republic Records / Virgin Records Germany",0.686,0.928,8,-10.38,1,0.0527,0.0316,0.727,0.0576,0.631,124.986,4
spotify:track:7DzV3IBvCHicokoiUCpWda,"Romario","Suave World","Gilli",2022-10-15,174367,55,true,,2022-11-14T11:25:57Z,"dansk rap,dansk pop,dansktop","Universal Music A/S",0.888,0.594,10,-5.49,0,0.0948,0.188,0.0000213,0.0913,0.923,127.991,4
spotify:track:1kWlyQGouDh816v6KZdm6x,"Alene med mig selv","Byen elsker dig","Clara Sofie;Rune RK",2011-03-21,254172,2,false,,2022-10-07T15:23:14Z,"dansk pop,big room","Nightology Records",0.599,0.451,10,-9.896,0,0.153,0.862,0.00000965,0.124,0.403,122.046,4
spotify:track:1FxCzkOYYoILkg3QDqQnwM,"A.P.T.A","A.P.T.A","VC Barre",2022-07-15,110476,0,true,,2022-09-15T12:13:32Z,"russelåter,epadunk","YS",0.864,0.705,0,-6.423,0,0.0801,0.0947,0,0.255,0.896,125.977,4
spotify:track:1YRrnU7iBSHsdyG5AVIC2Y,"SEVILLA","SEVILLA","Thrife",2022-08-12,175522,45,true,,2022-09-15T12:09:36Z,"","Deeper Than Music",0.814,0.631,9,-9.822,0,0.0971,0.068,0.000122,0.0792,0.264,133.971,4
spotify:track:1v6svH1Fyx9C1nIt1mA2DT,"All I Want","High School Musical: The Musical: The Series (Original Soundtrack)","Olivia Rodrigo;Disney",2020-01-10,177322,75,false,,2022-09-13T10:40:58Z,"","Walt Disney Records",0.376,0.43,0,-6.585,0,0.0328,0.0902,0,0.0912,0.129,77.599,3
spotify:track:6i2AmqDwaicOn2NGFsd5nn,"Watch Me","Shake It Up: Break It Down","Bella Thorne;Zendaya;Cast of Shake It Up: Break It Down",2011-01-01,175546,45,false,,2022-09-13T10:34:39Z,"","Walt Disney Records",0.71,0.705,0,-4.558,1,0.0683,0.00274,0.00502,0.0979,0.614,124.994,4
spotify:track:6zMUIb4uce1CzpbjR3vMdN,"Foolish","Ashanti","Ashanti",2002-01-01,227386,77,true,,2022-09-08T16:27:20Z,"r&b","I.G. Records, Inc./Universal Records",0.665,0.695,0,-5.763,1,0.0532,0.347,0,0.106,0.707,90.119,4
spotify:track:3zMPaeUHFIUgyk8NGDp7ex,"Sosa (feat. Carmon)","Sosa (feat. Carmon)","Michael Williams;Carmon",2022-06-24,181348,31,true,,2022-09-07T10:55:36Z,"dansk rap,dansktop,dansk pop","Universal Music A/S",0.701,0.624,6,-7.597,1,0.27,0.123,0.0000515,0.673,0.805,141.951,4
spotify:track:4pHc3XmEBQ1wsQll68VsUj,"Hang In There Baby - From ""Good Luck Charlie""","Make Your Mark: Ultimate Playlist","Bridgit Mendler",2012-10-16,162320,44,false,,2022-09-07T09:17:17Z,"","Walt Disney Records",0.481,0.872,10,-3.879,1,0.0389,0.000273,0.00046,0.112,0.619,150.988,4
spotify:track:36QBYzXySbvb1KTAIJwEjn,"Paranormal","Paranormal","Elai",2021-07-31,133000,43,true,,2022-09-06T13:59:46Z,"","Elai",0.85,0.515,6,-9.586,0,0.185,0.296,0,0.0529,0.655,115.002,4
spotify:track:4Luw3mpCVFDalDEIKuGOv3,"MANO (feat. ICEKIID) - Remix","MANO (feat. ICEKIID) [Remix]","JIREEL;ICEKIID",2022-03-04,168798,34,false,,2022-09-05T11:53:30Z,"dansk rap,dansk pop,dansktop","WM Sweden",0.756,0.717,4,-5.135,0,0.054,0.0395,0,0.421,0.501,127.91,4
spotify:track:3srWz7HzXOyZvfFSpkERLC,"TOPP IDAG","MOTY","JIREEL",2022-05-06,146010,31,true,,2022-09-02T13:28:34Z,"","WM Sweden",0.813,0.671,8,-5.503,1,0.348,0.169,0,0.112,0.771,144.623,4
spotify:track:5SjWXrGT82DWuXxkMcC3DB,"MANO","MOTY","JIREEL",2022-05-06,168798,58,false,,2022-09-02T08:56:00Z,"","WM Sweden",0.753,0.7,4,-5.297,0,0.0513,0.0347,0,0.282,0.54,127.895,4
spotify:track:5AD8MIkzQNY9WPlEyBZtke,"WINNER (feat. A36)","MOTY","JIREEL;A36",2022-05-06,157326,43,false,,2022-09-02T08:54:21Z,"norwegian hip hop","WM Sweden",0.806,0.86,7,-4.489,1,0.173,0.0646,0.0722,0.0826,0.599,140.039,4
spotify:track:70uHBLlKXLzstSoz46uMA0,"Boom Boom Boom","Boom Boom Boom","Emil Stabil",2021-06-11,123149,51,false,,2022-09-01T15:26:26Z,"dansk rap,dansk pop","Major Label",0.881,0.727,3,-4.348,0,0.0813,0.302,0.0000646,0.06,0.881,128.117,4
spotify:track:5nGAVhhCo2sev68RzHrQJ5,"Gode Dage, Gode Drinks","Gode Dage, Gode Drinks","Lamin",2022-08-05,140089,0,false,,2022-09-01T15:26:23Z,"dansk rap,dansktop,dansk pop","Universal Music A/S",0.789,0.703,0,-7.401,1,0.367,0.0448,0,0.14,0.482,112.025,4
spotify:track:4jm5AHENFhFjz5m9kXgwQ9,"Ka Du Ik","Ka Du Ik","Omar",2018-11-02,165083,47,false,,2022-09-01T11:01:58Z,"dansk rap,dansk pop,dansktop","Heritage",0.76,0.586,4,-8.341,0,0.0491,0.23,0.00000612,0.123,0.858,115.044,4
spotify:track:6uE2Md7CN5XIKjbmyWeBMP,"Karrusel","Karrusel","Pizzagang",2015-12-27,269219,26,false,,2022-09-01T10:54:48Z,"dansk rap,dansk pop","Pizzagang",0.695,0.63,2,-6.808,0,0.0587,0.491,0,0.239,0.864,150.046,4
spotify:track:65oYD99ubM8bIUIRPY9nXc,"No Warning","No Warning","ICEKIID;Branco",2021-06-18,149274,43,false,,2022-09-01T10:54:17Z,"dansk rap,dansk pop,dansktop","Sony Music Entertainment",0.921,0.734,7,-5.844,1,0.116,0.198,0.0000014,0.108,0.842,124.022,4
spotify:track:0FNxptUJHIupRVBFtXahAP,"EN TÅR TIL (feat. Larry 44 & KIDD)","EN TÅR TIL (feat. Larry 44 & KIDD)","LOLO;Larry;KIDD",2021-09-10,146000,33,true,,2022-09-01T10:49:11Z,"dansk rap,dansk pop,dansktop","Universal Music A/S",0.817,0.67,6,-5.386,0,0.118,0.00985,0,0.0816,0.522,120.092,4
spotify:track:3B7udSGy2PfgoCniMSb523,"I See Fire - From ""The Hobbit - The Desolation Of Smaug""","The Hobbit - The Desolation Of Smaug (Original Motion Picture Soundtrack / Special Edition)","Ed Sheeran",2013-01-01,300840,3,false,,2022-08-09T15:10:27Z,"soft pop","Decca (UMO)",0.581,0.0549,10,-20.514,0,0.0397,0.559,0,0.0718,0.234,152.037,4
spotify:track:34ceTg8ChN5HjrqiIYCn9Q,"Miss Independent","Year Of The Gentleman (Bonus Track Edition)","Ne-Yo",2008-01-01,232000,83,false,,2022-08-05T17:09:29Z,"","Def Soul",0.673,0.681,1,-5.693,1,0.118,0.52,0,0.235,0.707,171.864,4
spotify:track:6CFPFnS9EcLs2I0nWqtWci,"Because Of You","Because Of You","Ne-Yo",2007-01-01,266840,81,false,,2022-08-05T17:09:28Z,"","Def Soul",0.81,0.538,0,-5.783,0,0.0357,0.53,0,0.0951,0.832,109.97,4
spotify:track:31gzwBma4iEppvk8um5ZGx,"Money Talks (feat. Dave)","Money Talks (feat. Dave)","Fredo;Dave",2021-01-28,273666,8,true,,2022-07-29T08:05:43Z,"grime,uk grime,uk drill,drill","Neighbourhood [GB] / Dave",0.943,0.524,7,-6.813,0,0.178,0.0456,0.00000308,0.0987,0.411,130.003,4
spotify:track:4zN21mbAuaD0WqtmaTZZeP,"Ferrari","Ferrari","James Hype;Miggy Dela Rosa",2022-04-01,186661,79,false,,2022-07-07T00:18:14Z,"house,tech house","Universal-Island Records Ltd.",0.847,0.69,1,-7.877,0,0.0493,0.0127,0.00006,0.0526,0.692,125.004,4
spotify:track:4rino0wsmUcK36Ro4CCrke,"Boten Anna - Radio edit","LOL (2008 yellow bonus version/no videos_France)","Basshunter",2006,207066,63,false,,2022-06-28T15:52:05Z,"eurodance,europop","WM Sweden",0.464,0.971,9,-5.546,0,0.26,0.0635,0.000108,0.073,0.265,140.179,4
spotify:track:5YPQIVqREhclwBZUo8Yfrh,"Chuck Norris - Radio Edit","Chuck Norris","Kongsted",2013,175251,43,false,,2022-06-28T15:49:45Z,"","U&!",0.735,0.948,7,-5.503,1,0.059,0.000339,0.853,0.289,0.794,128.038,4
spotify:track:4Yxc55NX3tAXC2mHRAhtcW,"All I Want - From ""High School Musical: The Musical: The Series""","All I Want (From ""High School Musical: The Musical: The Series"")","Olivia Rodrigo;Disney",2019-11-27,177322,80,false,,2022-06-17T16:27:37Z,"","Walt Disney Records",0.376,0.43,0,-6.585,0,0.0328,0.0902,0,0.0912,0.129,77.599,3
spotify:track:5h5TUj8pU2WhdSeJx9BnX2,"Pelele","Pelele","Morad",2021-12-24,216827,70,false,,2022-06-15T21:45:16Z,"","M.D.L.R",0.83,0.698,1,-5.549,0,0.163,0.224,0.00065,0.0761,0.825,144.929,4
spotify:track:4WYRFY0yFa2s1WeX0w84z6,"Gun Lean","Gun Lean","Russ Millions",2018-12-21,213748,0,true,,2022-06-15T19:15:29Z,"uk drill,drill,grime,uk grime","Pressplay Records Ltd",0.901,0.679,8,-8.87,1,0.474,0.375,0.0000109,0.105,0.72,139.962,4
spotify:track:34eY3j6rCpXkAq1iBKK2wX,"Sand To The Beach","Legacy","Nafe Smallz",2022-05-27,162032,25,true,,2022-06-14T15:50:30Z,"grime,uk grime,afroswing","Nafe Smallz",0.82,0.461,5,-9.388,0,0.423,0.0847,0,0.116,0.43,122.005,4
spotify:track:10xcIQQEJSEIOgG1HvS3t9,"Magic","Wizards of Waverly Place","Selena Gomez",2009-01-01,169640,49,false,,2022-06-08T02:56:02Z,"","Walt Disney Records",0.6,0.916,11,-3.071,0,0.0374,0.00504,0,0.27,0.442,104.091,4
spotify:track:4RCWB3V8V0dignt99LZ8vH,"Hey There Delilah","All That We Needed","Plain White T's",2005-01-25,232533,87,false,,2022-06-08T02:54:42Z,"","Fearless Records",0.658,0.291,2,-10.572,1,0.0292,0.872,0,0.114,0.295,103.962,4
spotify:track:25eqvo98PrVPYkT7pT5oka,"Rude Boy","Rude Boy","AZ2A",2019-07-12,159573,56,false,,2022-06-03T15:46:46Z,"","Selected.",0.533,0.886,1,-4.812,1,0.0732,0.00649,0.00000775,0.363,0.88,123.834,4
spotify:track:6A3SB2C4U6JtCavQOXLYNN,"Je M'appelle","Je M'appelle","Benzz",2022-04-21,139574,67,true,,2022-05-20T06:36:20Z,"uk drill,drill","Universal-Island Records Ltd.",0.807,0.75,11,-4.396,1,0.237,0.17,0,0.164,0.961,141.176,4
spotify:track:0WCiI0ddWiu5F2kSHgfw5S,"Take It Off","Animal (Expanded Edition)","Kesha",2010-01-01,215200,77,false,,2022-05-08T19:22:51Z,"","RCA Records Label",0.729,0.675,5,-5.292,0,0.0286,0.0000414,0.00126,0.0867,0.74,125.036,4
spotify:track:45sDIKapDyxPl307QpEAwl,"Rocketeer","Free Wired","Far East Movement;Ryan Tedder;Ruff Loaderz",2010-01-01,211253,75,false,,2022-05-08T19:22:16Z,"","Interscope",0.664,0.845,4,-6.115,0,0.0462,0.181,0,0.267,0.357,96.005,4
spotify:track:59dLtGBS26x7kc0rHbaPrq,"Nothin' on You (feat. Bruno Mars)","B.o.B Presents: The Adventures of Bobby Ray","B.o.B;Bruno Mars",2010-04-27,268320,88,false,,2022-05-08T19:20:55Z,"","Rebel Rock/Grand Hustle/Atlantic",0.688,0.853,10,-5.814,1,0.0493,0.386,0,0.0862,0.743,103.993,4
spotify:track:6fWA96ewH7R5ETHsXfbcaF,"Himmeldiskoteket","Isas Stepz (Musikken fra TV-serien)","Isas Stepz",2008-01-01,217186,43,false,,2022-05-01T12:12:15Z,"dansk pop","MBO - The Music Business Organisation A/S",0.719,0.673,1,-10.058,1,0.0585,0.00229,0.000339,0.108,0.756,127.983,4
spotify:track:5wfyoR8XOkw45QRtFOoxyi,"Professor X","Professor X","Dave",2019-09-13,217704,1,true,,2022-04-19T10:17:22Z,"grime,uk grime,uk drill,drill","OVO Sound/Warner Records",0.891,0.675,2,-6.892,1,0.152,0.11,0,0.275,0.562,127.012,4
spotify:track:7lVHsLX1Tgy0UqQFk8NsCO,"Bad (feat. Pitbull)","Bad 25th Anniversary","Michael Jackson;Pitbull;AFROJACK",2012-09-18,266532,48,false,,2022-04-18T02:40:15Z,"edm,big room","Epic/Legacy",0.779,0.909,7,-4.558,0,0.0885,0.0338,0.0388,0.605,0.605,127.976,4
spotify:track:3u6fNUP2ecpm3ZCBK0M6xy,"Knock Knock (Remix) [feat. HAZEY, Sneakbo, MIST, Jordan, Turner & Trillz CB]","Knock Knock (Remix) [feat. HAZEY, Sneakbo, MIST, Jordan, Turner & Trillz CB]","Tion Wayne;M24;HAZEY;Sneakbo;MIST;Jordan;Turner;Trillz CB",2022-03-10,233142,36,true,,2022-04-13T09:03:49Z,"uk drill,drill,grime,uk grime,afroswing,punjabi hip hop,aussie drill","Atlantic Records UK",0.807,0.481,1,-9.953,1,0.412,0.388,0,0.108,0.805,140.115,4
spotify:track:2knr7ikPt4l7bk92qS4ZXW,"Euphoria","Heal","Loreen",2012-10-19,214133,72,false,,2022-04-13T08:58:34Z,"europop","WM Sweden",0.518,0.679,11,-5.406,0,0.0355,0.079,0.0000485,0.0588,0.106,132.146,4
spotify:track:4Qpa0WH8hUHtOJKSNPrGV7,"Practice Makes Perfect","Practice Makes Perfect","SR",2021-04-23,167142,1,true,,2022-04-12T23:28:17Z,"uk drill,drill,uk grime","SR, under exclusive licence to Ditto Music",0.801,0.633,4,-7.069,1,0.293,0.102,0,0.354,0.945,139.931,4
spotify:track:3wAyZwtyyLMsJNG7Mb17ky,"Best Life","Best Life","Hardy Caprio;One Acen",2018-06-28,200265,64,true,,2022-04-12T23:02:24Z,"afroswing,grime,uk grime,uk r&b","EMI",0.845,0.668,1,-6.702,0,0.0447,0.211,0,0.122,0.721,106.017,4
spotify:track:3IjlT2JvAXQSl4l3DwnHlg,"Hold It Down","Hold It Down","Digga",2022-04-07,133263,38,true,,2022-04-12T22:54:19Z,"uk drill,drill,grime,uk grime,aussie drill","EGA Music Group",0.742,0.713,5,-5.046,0,0.319,0.0223,0.000146,0.37,0.739,95.119,4
spotify:track:32pPek0KsHsMSSFogNu49f,"Wasted","Wasted","Digga;ArrDee",2021-08-13,174545,1,true,,2022-04-12T12:53:59Z,"uk drill,drill,grime,uk grime,aussie drill","EGA Music Group",0.763,0.666,7,-10.844,0,0.359,0.174,0,0.108,0.69,143,4
spotify:track:0BvrrxYDRXVjsWH0CzRQxg,"Magic Mamaliga","Trans Balkan Express","OMFO",2004-05-31,130786,53,false,,2022-04-04T15:20:54Z,"","Essay Recordings",0.781,0.733,6,-11.488,1,0.0576,0.415,0.849,0.0742,0.969,142.018,4
spotify:track:0Ji2g9AlYLVHAMG5PJoHPU,"We R Who We R","Cannibal","Kesha",2010-11-19,204760,3,false,,2022-04-03T17:41:15Z,"","RCA Records Label",0.734,0.821,8,-4.893,1,0.0406,0.00709,0.00281,0.127,0.648,119.993,4
spotify:track:6qUSs4FDzZUdAhY6JDIJfa,"Who's That Chick? (feat. Rihanna)","One More Love","David Guetta;Rihanna",2010-11-22,201040,60,false,,2022-03-26T17:15:42Z,"edm","Parlophone (France)",0.675,0.602,11,-4.733,0,0.116,0.00377,0,0.0458,0.933,127.938,4
spotify:track:1r3myKmjWoOqRip99CmSj1,"Don't Wanna Go Home","Future History (Deluxe Edition)","Jason Derulo",2011-09-16,206080,68,false,,2022-03-26T17:02:02Z,"","Beluga Heights/Warner Records",0.671,0.808,2,-4.861,0,0.0652,0.02,0,0.134,0.637,121.956,4
spotify:track:7rbWpbXVwY2DFrZpWYPtVj,"Hey Porsche","M.O. (Deluxe Edition)","Nelly",2013-09-30,209466,57,true,,2022-03-26T16:51:19Z,"","Universal Records",0.726,0.795,9,-4.653,1,0.029,0.136,0,0.698,0.952,115.995,4
spotify:track:6BZJSdeVicl1LEtWUQKP4o,"Where Have You Been","Talk That Talk (Deluxe)","Rihanna",2012-07-18,242680,66,false,,2022-03-26T16:50:35Z,"","Def Jam Recordings",0.719,0.847,0,-6.34,0,0.0919,0.00201,0.0204,0.223,0.443,127.96,4
spotify:track:2tftivjRsvKs0jFH9h3Ti8,"Hangover","TY.O (International Version)","Taio Cruz;Flo Rida",2011-01-01,244906,1,true,,2022-03-26T16:50:26Z,"","Universal Music Group",0.599,0.885,3,-3.232,1,0.0463,0.00892,0,0.0699,0.576,128.048,4
spotify:track:3t4HeVfURZ5DuqMWz0Cmqg,"We Found Love","Talk That Talk (Deluxe)","Rihanna;Calvin Harris",2012-07-18,215226,64,false,,2022-03-26T16:50:22Z,"edm","Def Jam Recordings",0.735,0.766,1,-4.485,1,0.0384,0.025,0.00141,0.108,0.6,127.975,4
spotify:track:0BRBDRdjgP4Iw8coBDAeeT,"Ski Mask Way","The Massacre","50 Cent",2005-03-03,185586,52,true,,2022-03-22T20:00:29Z,"old school hip hop,east coast hip hop","Aftermath/Shady",0.637,0.77,1,-4.936,0,0.295,0.14,0,0.291,0.763,179.886,4
spotify:track:2rlcCS6vJSTrRMjsmVkoFY,"Piggy Bank","The Massacre","50 Cent",2005-03-03,255173,56,true,,2022-03-22T20:00:24Z,"old school hip hop,east coast hip hop","Aftermath/Shady",0.48,0.845,10,-4.127,0,0.303,0.012,0,0.331,0.872,79.374,4
spotify:track:5EJLbRYFUrL9ZcoGE13w3N,"Imorgen","HIDDEN DANSK RAP","dsajkfhsdakf",2022-01-21,166063,0,true,,2022-03-18T16:03:42Z,"","SLEF RECORDS",0.392,0.601,11,-10.112,0,0.273,0.258,0.36,0.312,0.29,177.842,4
spotify:track:5ajQChVsoD1SzQXMw4tx69,"Sonic","HIDDEN DANSK RAP","sdksadj",2022-01-21,224940,0,true,,2022-03-18T16:03:41Z,"","SLEF RECORDS",0.735,0.488,0,-11.641,1,0.299,0.285,0.0000334,0.113,0.378,137.925,4
spotify:track:43HJQUH1SU2ktKNnJdnNKI,"La vague","HIDDEN DANSK RAP","fsdfjdsklfhjdsklf",2022-01-21,156555,0,true,,2022-03-18T16:03:30Z,"","SLEF RECORDS",0.732,0.654,6,-7.332,0,0.0657,0.299,0.434,0.252,0.75,127.036,4
spotify:track:5hym02RE2cQi5jWF8wRaye,"Normalt","HIDDEN DANSK RAP","dsfsdjkfljhdsf",2022-01-21,180271,0,true,,2022-03-18T16:03:24Z,"","SLEF RECORDS",0.832,0.46,10,-10.358,0,0.106,0.265,0.0000991,0.0905,0.347,104.97,4
spotify:track:41a9dyi8Bc4YkSs6GtLkSo,"Synkron","HIDDEN DANSK RAP","Kes!",2022-01-21,140556,0,true,,2022-03-18T16:02:59Z,"","SLEF RECORDS",0.799,0.476,0,-9.558,1,0.32,0.146,0,0.125,0.828,144.924,4
spotify:track:5wwPdWKbDEiybmWkZqsGGn,"Next Up - S4-E2, Pt. 1","Next Up - S4-E2","JBEE;Mixtape Madness",2022-02-09,120839,4,true,,2022-03-13T11:23:04Z,"uk drill,drill,grime,uk grime","Mixtape Madness",0.645,0.571,8,-8.954,0,0.293,0.168,0,0.21,0.386,142.986,4
spotify:track:4LNJEZ4PEOZH6jyJuKEaUP,"Lively (feat. Jaykae & Blair Muir)","Lively (feat. Jaykae & Blair Muir)","Double Lz;Jaykae;Blair Muir",2022-02-17,152343,43,true,,2022-03-13T10:02:20Z,"uk drill,drill,grime,uk grime","RCA Records Label",0.805,0.763,8,-5.881,1,0.0801,0.0583,0,0.426,0.607,127.968,4
spotify:track:1B4vEaOkLj8dJRL4ThGH1k,"A13","Have a Good Summer","Jordy",2019-07-22,196263,48,true,,2022-03-12T16:53:07Z,"grime,uk grime","FLAT 10",0.924,0.509,9,-7.173,0,0.393,0.209,0,0.0862,0.852,139.03,4
spotify:track:0nmW4fvqTwUDjlz13MNpJU,"Elevate","Elevate","Nemzzz",2021-10-22,145711,62,true,,2022-03-11T14:01:18Z,"uk drill,drill","Independent",0.872,0.447,9,-9.487,0,0.56,0.508,0,0.147,0.614,144.923,4
spotify:track:7zXa0myk5r5ex9QfXbjqhY,"Change","Change","Alz X 38",2019-08-25,174315,56,true,,2022-03-09T23:40:29Z,"uk drill","EMI",0.772,0.694,5,-8.482,0,0.273,0.11,0,0.103,0.211,95.048,4
spotify:track:0rwOtnvfoBHa443aTwjSlu,"2MS","2MS","Nemzzz",2022-02-24,108169,66,true,,2022-03-09T16:51:28Z,"uk drill,drill","Motown Records UK / EMI",0.885,0.332,1,-8.62,1,0.848,0.0185,0,0.119,0.423,141.849,4
spotify:track:719L8GKB4h8NkVANzZoUaq,"Del Af Mig","2.0 EP","Artigeardit",2019-01-16,157440,46,false,,2022-02-22T14:22:18Z,"dansk rap,dansktop,dansk pop","Heritage",0.765,0.704,0,-8.235,1,0.256,0.431,0.00000621,0.0644,0.547,124.996,4
spotify:track:6y8j9EU0zPTyKYb74VYouC,"NO FUGAZI (KEWAN LIGGER BEATET NORMAL X Carmon)","NO FUGAZI (KEWAN LIGGER BEATET NORMAL X Carmon)","KEWAN LIGGER BEATET NORMAL;Carmon",2021-05-14,163090,33,true,,2022-02-22T14:22:02Z,"dansk rap,dansk pop,dansktop","Universal Music A/S",0.941,0.779,11,-5.202,0,0.287,0.0312,0.000044,0.214,0.665,122.091,4
spotify:track:7LR85XLWw2yXqKBSI5brbG,"Run This Town","The Blueprint 3","JAŸ-Z;Rihanna;Kanye West",2009-09-08,267520,82,true,,2022-02-20T16:09:57Z,"hip hop,east coast hip hop,rap","Roc Nation / Jay-Z",0.632,0.924,1,-1.802,1,0.29,0.281,0,0.263,0.441,86.844,4
spotify:track:4wqzOaLxiCRy2Et8tRyNSX,"The Thrill","The Thrill","Wiz Khalifa;Empire Of The Sun",2020-11-11,234333,5,true,,2022-02-20T15:17:16Z,"","Rostrum Records",0.817,0.775,10,-4.767,0,0.108,0.277,0,0.108,0.806,126.984,4
spotify:track:171PWhxgdrIOgcAiBPO3Gr,"The Count (feat. Wiz Khalifa)","The Marina","Curren$y;Harry Fraud;Wiz Khalifa",2018-05-30,194594,61,true,,2022-02-20T15:00:59Z,"southern hip hop","Jet Life Recordings",0.385,0.757,0,-5.96,1,0.167,0.709,0,0.235,0.469,82.673,4
spotify:track:3jTWd38NseaNnSuIK2Ybsp,"4am","4am","JBEE",2021-10-01,193714,1,true,,2022-02-14T23:27:58Z,"uk drill,drill","'94 Sounds LLC / 10K Projects",0.863,0.482,1,-9.132,1,0.439,0.621,0,0.148,0.618,140.021,4
spotify:track:2swRdG3vAk5bYBR3oSf1cg,"BM (London View)","BM (London View)","OTP",2021-07-23,164623,1,true,,2022-02-14T23:26:52Z,"uk drill,drill","Touch Paper Records",0.868,0.522,11,-8.601,1,0.355,0.24,0,0.235,0.8,143.01,4
spotify:track:1xIqDFx3KdByBnKMlTECcM,"Coming for You (feat. A1 x J1)","Coming for You (feat. A1 x J1)","SwitchOTR;A1 x J1",2021-10-29,178285,60,true,,2022-02-14T23:17:41Z,"uk drill,drill","Robots & Humans",0.813,0.481,1,-6.71,1,0.231,0.217,0,0.0931,0.842,140.122,4
spotify:track:73rusSG4BflgMx84QD3X99,"Daily Duppy, Pt. 1","Daily Duppy, Pt. 1","Kwengface",2021-09-09,112000,45,true,,2022-02-14T23:17:34Z,"uk drill,drill,grime,uk grime","Kwengface Limited / EMPIRE",0.87,0.755,6,-8.238,0,0.313,0.391,0,0.112,0.965,147.04,4
spotify:track:2TqvOQIieRt52j5B1YuGyc,"Lightwork Freestyle","Lightwork Freestyle","Nito NB",2020-01-30,137142,0,false,,2022-02-14T23:06:02Z,"","Pressplay Media",0.904,0.25,8,-18.291,1,0.672,0.377,0,0.11,0.355,140.128,4
spotify:track:1hwJKpe0BPUsq6UUrwBWTw,"Boulevard of Broken Dreams","Boulevard of Broken Dreams","Green Day",2004,261266,78,true,,2022-02-09T22:44:45Z,"punk,pop punk","Reprise",0.49,0.679,8,-3.68,1,0.0309,0.00394,0.0000154,0.0383,0.506,167.046,4
spotify:track:2SjUTdOLfWM0tHgJT7ags6,"Fest (feat. Nik & Jay) - Original","Morten Breum Nightclub Session","MORTEN;Nik & Jay",2010-10-08,240613,0,false,,2022-02-08T06:52:38Z,"dansk pop,dansk rap,dansktop","disco:wax",0.889,0.754,6,-7.134,1,0.243,0.13,0.0285,0.33,0.674,124.013,4
spotify:track:37EyJVC84SzAVpSf3h4792,"VI SKA BLI FULLA","Danspunk","Ringnes-Ronny",2021-01-22,165000,43,true,,2022-01-19T07:17:59Z,"epadunk,russelåter,ragga,norwegian pop","MAJOR",0.612,0.616,6,-8.104,0,0.0386,0.00879,0,0.436,0.819,127.948,4
spotify:track:5MbNp1UfUcazlwR1hZun5W,"Khapta","Khapta","ZUUZ",2021-09-10,114373,44,false,,2022-01-12T03:32:07Z,"dansk rap,dansk pop","Sony Music Entertainment",0.878,0.497,5,-7.716,0,0.195,0.335,0.00000527,0.11,0.796,127.972,4
spotify:track:1Vrj9Vcbb0lOG94pQbYvzv,"Just for Me","to hell with it","PinkPantheress",2021-10-15,116213,70,false,,2022-01-09T16:23:11Z,"bedroom pop","Parlophone UK",0.804,0.609,0,-7.848,1,0.0633,0.68,0.00253,0.261,0.713,133.043,4
spotify:track:4S4QJfBGGrC8jRIjJHf1Ka,"Pain","to hell with it","PinkPantheress",2021-10-15,98544,83,false,,2022-01-09T16:23:09Z,"bedroom pop","Parlophone UK",0.829,0.617,1,-8.497,1,0.14,0.227,0.00306,0.0618,0.81,125.605,4
spotify:track:1cXXHKH2kMDmtOEK73q6sf,"I Think Of You","Coming From Reality","Rodríguez",1971,205680,63,false,,2022-01-09T13:33:16Z,"folk rock,folk","Clarence Avant Catalog",0.408,0.695,9,-5.903,1,0.041,0.0585,0.0000246,0.0725,0.493,88.671,4
spotify:track:6fJGtJcYS1JgJemdVl852q,"4x4","4X4","Hadi",2021-08-20,110876,0,true,,2022-01-07T21:02:39Z,"dansk rap","Hadi",0.886,0.42,9,-11.642,1,0.437,0.68,0,0.119,0.878,123.893,4
spotify:track:01NKQM0t8lyzOo4YZOZLYw,"Ayonha","Tape 19.11 / Ayonha","Hamid Al Shaeri",2017-10-25,221500,0,false,,2022-01-07T17:25:31Z,"egyptian pop","HABIBI Funk Records",0.718,0.73,9,-7.405,1,0.0292,0.54,0.0137,0.147,0.729,122.904,4
spotify:track:6zJ1RSHSTQDVB8jSwA3Uor,"Backseat Baddie","Backseat Baddie","TTPT;Jabz;Izu Blum;Neo;Jones;Bar Stef",2021-12-29,157720,1,true,,2021-12-29T15:35:35Z,"freestyle,tropical house","STUDIE #26",0.9,0.705,11,-4.454,0,0.219,0.204,0,0.115,0.638,136.018,4
spotify:track:7oC0bpXizenzIYebCRQvhb,"Hefner","Klar På Forandring","TTPT;Bar Stef;Neo;Izu Blum",2021-09-02,165000,1,true,,2021-12-22T23:09:50Z,"freestyle","STUDIE #26",0.855,0.665,6,-5.363,0,0.114,0.0547,0,0.15,0.753,100.049,4
spotify:track:5bBzkJE9BqYTL27webAUCw,"Rocc Climbing (feat. Lil Yachty)","Rocc Climbing (feat. Lil Yachty)","Remble;Lil Yachty",2021-09-24,175877,55,true,,2021-12-04T11:40:02Z,"","Warner Records",0.832,0.656,4,-7.492,0,0.375,0.316,0.00000213,0.108,0.562,100.032,4
spotify:track:6L6chwayZ6gfRACg5xpFww,"Bando","Bando","Carmon",2019-02-08,168669,33,false,,2021-11-16T23:12:59Z,"dansk rap,dansk pop,dansktop","disco:wax",0.832,0.69,3,-5.952,0,0.135,0.204,0.00000431,0.126,0.505,105.03,4
spotify:track:5KflbRVJrVlSNbwGTqSHaF,"City","City","Elias",2021-10-22,139230,32,true,,2021-11-05T14:20:05Z,"dansk rap","Sony Music Entertainment",0.787,0.68,9,-4.161,1,0.114,0.119,0,0.405,0.672,140.069,4
spotify:track:63hCE36av048sJCsxi2l90,"ZERO","ZERO","I$WAAL",2020-07-03,204000,30,true,,2021-10-25T21:07:39Z,"dansk rap,dansk pop","Universal Music A/S",0.785,0.499,1,-9.954,1,0.147,0.229,0.00000206,0.0825,0.388,101.03,4
spotify:track:5SdeSUWRewemc9u9gJaZ1j,"MISSIONEN","MISSIONEN","I$WAAL",2021-10-08,198627,37,true,,2021-10-25T21:07:32Z,"dansk rap,dansk pop","Universal Music A/S",0.743,0.695,11,-5.884,0,0.127,0.128,0,0.108,0.397,120.181,4
spotify:track:4utz2xdLMKYn0nTWptTUBA,"4LIFE","4LIFE","I$WAAL",2021-05-28,170606,37,true,,2021-10-25T21:07:31Z,"dansk rap,dansk pop","Universal Music A/S",0.834,0.693,2,-3.883,1,0.213,0.155,0.00000773,0.223,0.615,127.047,4
spotify:track:5TazMTxxEsLZMwnjjdb5t9,"Circles (feat. OFB, Bandokay & Double Lz)","Circles (feat. OFB, Bandokay & Double Lz)","Deno;Bandokay;Double Lz;OFB",2020-07-02,179154,40,true,,2021-10-21T16:00:14Z,"afroswing,grime,uk grime,uk drill,drill","Columbia",0.893,0.643,11,-5.512,0,0.377,0.349,0,0.105,0.471,142.018,4
spotify:track:63ZJ1O6WA44R6ifMT9z2Ye,"Slide","Slide","Bandokay",2021-06-10,181049,41,true,,2021-10-21T15:50:26Z,"uk drill,drill,grime,uk grime","Polydor Records",0.746,0.759,2,-5.679,1,0.304,0.377,0,0.397,0.779,142.779,4
spotify:track:4jIJlXnd5I8pX2VCQPmWtB,"Junglen","Junglen","A'one",2019-11-22,185902,0,true,,2021-10-21T12:36:06Z,"","A'oneSound",0.719,0.638,0,-8.845,0,0.137,0.523,0.000133,0.257,0.579,88.943,4
spotify:track:04YXN9O5YItc7GOHab3Afi,"Hot Box Freestyle: S2-E5","Hot Box Freestyle: S2-E5","GTK TV;Sava;BM X MINI;OTP",2020-03-19,249863,38,true,,2021-10-14T21:40:48Z,"uk drill,drill,eurodance,italo dance","Independent",0.772,0.697,10,-5.317,0,0.233,0.113,0,0.275,0.764,145.92,4
spotify:track:0ZXJA2J5Tt3sjTZ0xfoDnT,"Airbag","3p","Artigeardit",2019-06-14,139286,23,true,,2021-09-21T11:55:27Z,"dansk rap,dansktop,dansk pop","Heritage",0.83,0.54,4,-8.316,0,0.0964,0.549,0.00000473,0.124,0.54,100.057,4
spotify:track:7GXtEArsiHy2wf7IQGdOnJ,"Joggingsæt","3p","Artigeardit",2019-06-14,167720,24,false,,2021-09-21T11:55:23Z,"dansk rap,dansktop,dansk pop","Heritage",0.765,0.687,10,-6.306,0,0.191,0.12,0.00000569,0.0796,0.485,83.011,4
spotify:track:0lstGz2advSx5VqY8olvzt,"London (feat. EO)","London (feat. EO)","AJ;Deno;EO",2018-05-03,228041,58,true,,2021-09-17T08:49:20Z,"afroswing,grime,uk grime","Columbia",0.743,0.651,8,-4.452,0,0.176,0.0316,0.0000183,0.0942,0.511,137.184,5
spotify:track:1YHjRAptXqPdsdx3g6FNJL,"Nice To Meet Ya (feat. Yxng Bane)","Nice To Meet Ya (feat. Yxng Bane)","Wes Nelson;Yxng Bane",2021-04-01,181918,58,false,,2021-08-27T21:15:56Z,"afroswing,grime,uk grime,uk r&b","EMI",0.802,0.719,4,-4.271,0,0.0792,0.081,0,0.141,0.336,101.971,4
spotify:track:5J5PXmMdQ2nh1lZOal8KmK,"Litty (feat. Tory Lanez)","DC4","Meek Mill;Sound M.O.B.;Tory Lanez",2016-10-28,280615,62,true,,2021-08-27T01:26:07Z,"rap","MMG/Atlantic",0.592,0.701,10,-4.014,0,0.0858,0.0451,0,0.327,0.282,129.501,4
spotify:track:10mqz0d6uiVNYa1ng4QlWl,"La Varrio (El Barrio)","La Varrio (El Barrio)","Gilli",2017-04-07,188788,41,false,,2021-08-13T21:42:16Z,"dansk rap,dansk pop,dansktop","disco:wax",0.758,0.682,6,-7.298,0,0.0501,0.222,0.0000573,0.0829,0.554,100.987,4
spotify:track:3NZJlJemX3mzjf56MqC5ML,"Forever","Forever","Chris Brown",2008-04-29,278573,84,false,,2021-08-05T22:05:02Z,"r&b","Jive",0.672,0.82,11,-4.456,1,0.0459,0.0368,0.000188,0.184,0.438,120.005,4
spotify:track:6A5NlmBCsCGbJ27jHQgKV5,"Do You Remember","All Or Nothing","Jay Sean;Sean Paul;Lil Jon",2009-01-01,210800,75,false,,2021-08-05T22:03:57Z,"dancehall,crunk","Cash Money",0.854,0.674,11,-4.896,1,0.0705,0.0204,0,0.101,0.818,125.845,4
spotify:track:16XNk3bVCSHXN1rlwbXtHb,"Birthday Sex","Jeremih","Jeremih",2009-01-01,226506,74,false,,2021-08-05T22:03:48Z,"","Bu Vision LLC / IDJ",0.679,0.522,7,-5.603,0,0.0427,0.297,0,0.15,0.445,60.014,4
spotify:track:3WEmAizxrtQwXEJQRwCrK1,"In2","In2","WSTRN",2015-10-03,242121,57,false,,2021-08-05T21:56:44Z,"afroswing,uk r&b,afrobeats","Atlantic Records UK",0.553,0.662,8,-6.454,0,0.129,0.342,0,0.141,0.561,98.368,4
spotify:track:1RGIjMFMgJxkZHMDXVYzOJ,"Bartender (feat. Akon)","Epiphany (Expanded Edition)","T-Pain;Akon",2007-06-05,238800,80,true,,2021-08-05T21:39:04Z,"","Jive/Legacy",0.832,0.391,8,-8.504,1,0.0628,0.0564,0,0.224,0.436,104.961,4
spotify:track:1tkMs9wDPknQ3ZHcKDw1ES,"Buy U a Drank (Shawty Snappin') (feat. Yung Joc)","Epiphany (Expanded Edition)","T-Pain;Yung Joc",2007-06-05,227960,80,false,,2021-08-05T21:38:59Z,"crunk,southern hip hop","Jive/Legacy",0.693,0.549,1,-8.141,1,0.119,0.0109,0,0.0677,0.605,80.028,4
spotify:track:3ibKnFDaa3GhpPGlOUj7ff,"Let Me Love You","Let Me Love You","Mario",2004-09-21,256733,78,false,,2021-08-05T10:28:18Z,"r&b","J Records",0.656,0.578,7,-8.97,0,0.0922,0.235,0,0.118,0.556,94.514,4
spotify:track:44xO8889yUQHn70P73NILS,"Believe Me","Believe Me","Navos",2021-01-22,188260,67,false,,2021-08-05T10:28:11Z,"","Universal-Island Records Ltd.",0.629,0.876,5,-5.572,0,0.0408,0.129,0.00000139,0.29,0.645,124.999,4
spotify:track:6YvLoA83DmAfH9iCrQlhYD,"Poppin","Poppin","TKAY",2021-06-04,169564,28,true,,2021-08-05T10:27:56Z,"dansk rap","WM Denmark",0.899,0.474,11,-7.713,0,0.446,0.0195,0,0.253,0.609,139.012,4
spotify:track:0OZXWXXFj2UycsXzFzfF2A,"Top Boy","Top Boy","TKAY",2021-07-16,142067,18,true,,2021-08-05T10:27:55Z,"dansk rap","WM Denmark",0.911,0.532,7,-6.488,1,0.286,0.0336,0.00000409,0.133,0.563,101.982,4
spotify:track:2K1seCdCtCJQ7ABrMDXLUj,"Multiply","Steel City Dance Discs Volume 9","Skin On Skin",2019-02-08,363089,0,false,,2021-07-26T18:37:45Z,"lo-fi house","Steel City Dance Discs",0.626,0.648,9,-7.672,0,0.0318,0.00023,0.89,0.095,0.438,128.002,4
spotify:track:0C4ejWmOTMv8vuYj85mf8m,"S&M","Loud","Rihanna",2010-11-16,243533,76,true,,2021-07-26T18:36:14Z,"","Def Jam Recordings",0.767,0.682,1,-5.02,1,0.042,0.0113,0.00016,0.104,0.833,127.975,4
spotify:track:3PMDdBSJ45AmkBnLWat5pC,"Fredag (feat. Bar Z)","Forlænget Weekend","Eebz;Bar Z",2018-02-23,164731,40,false,,2021-07-26T18:36:03Z,"dansk rap,dansk pop","WM Denmark",0.719,0.726,2,-4.419,1,0.0906,0.0739,0,0.168,0.37,126.33,5
spotify:track:1A8j067qyiNwQnZT0bzUpZ,"This Girl (Kungs Vs. Cookin' On 3 Burners)","Layers","Kungs;Cookin' On 3 Burners",2016-11-04,195546,82,false,,2021-07-26T18:35:13Z,"","Universal Music Division Polydor France",0.793,0.717,0,-4.759,0,0.0393,0.0927,0.000036,0.226,0.466,121.985,4
spotify:track:6wdI9sg2VdgjqSg0ozu9PK,"Afro Trap Pt. 7 (La puissance)","Afro Trap Part. 7 (La puissance)","MHD",2016-12-23,140077,70,false,,2021-07-26T10:52:41Z,"french rap,pop urbaine,french r&b","Universal Music Division Capitol Music France",0.97,0.806,8,-5.628,0,0.298,0.0955,0,0.133,0.815,120.003,4
spotify:track:0D0np8Odu1PNamKfajA6AX,"Afro Trap Pt. 3 (Champions League)","MHD","MHD",2016-04-15,137133,72,true,,2021-07-26T10:52:30Z,"french rap,pop urbaine,french r&b","Universal Music Division Capitol Music France",0.962,0.726,10,-5.697,1,0.4,0.152,0,0.0654,0.566,123.066,4
spotify:track:4zIaXqKCXZs02eB6jEe5Mf,"Mr. Saxobeat - Radio Edit","Saxobeats","Alexandra Stan",2011,195280,1,false,,2021-07-26T10:52:01Z,"europop","Ultra Records, LLC",0.711,0.928,11,-4.162,0,0.0527,0.0239,0.000278,0.133,0.745,127.047,4
spotify:track:49X0LAl6faAusYq02PRAY6,"Lady - Hear Me Tonight","Modjo (Remastered)","Modjo",2001,307153,86,false,,2021-07-26T10:51:55Z,"french house,disco house","Modjo Music",0.72,0.808,6,-5.627,1,0.0379,0.00793,0.0293,0.0634,0.869,126.041,4
spotify:track:5xYC48nOppVemY6U5GRGTb,"Memories (feat. Kid Cudi)","One More Love","David Guetta;Kid Cudi",2010-11-22,210853,64,false,,2021-07-26T10:51:48Z,"edm","Parlophone (France)",0.546,0.916,8,-3.932,1,0.255,0.00144,0.00000434,0.251,0.375,129.983,4
spotify:track:4GgtEyfNRdOcGDmQknZ6zg,"Boombastic - Radio Edit","Boombastic","Emilio",2015-01-19,203622,0,false,,2021-07-26T10:51:45Z,"","disco:wax",0.73,0.857,0,-3.449,1,0.0429,0.0718,0,0.0758,0.599,116.028,4
spotify:track:37NZqOoR0dw71kbDCRnsKc,"Drank & Drugs","New Wave","Lil Kleine;Ronnie Flex",2015-04-07,145978,0,true,,2021-07-26T10:51:37Z,"nederpop","Universal Music Group",0.931,0.726,11,-5.399,0,0.0528,0.0589,0.00000411,0.0831,0.758,120.025,4
spotify:track:1B3t5xC2jzTgjDOwawchu8,"Sexy Bitch (feat. Akon)","One More Love","David Guetta;Akon",2010-11-22,195853,4,true,,2021-07-26T10:51:30Z,"edm","Parlophone France",0.813,0.627,11,-5.018,0,0.0486,0.076,0.000616,0.131,0.801,130.011,4
spotify:track:2s5YN9O8Qv25BjQobPHWVZ,"Like A G6","Dirty Bass (Deluxe)","Far East Movement;The Cataracs;DEV",2012,219306,4,false,,2021-07-26T10:51:26Z,"","Cherrytree Records/Kierszenbaum 33%",0.431,0.862,7,-7.005,0,0.428,0.00618,0,0.322,0.696,124.93,4
spotify:track:7Hv89f7Dpm5Hce1XkBbjQZ,"On The Floor - Radio Edit","On The Floor","Jennifer Lopez;Pitbull",2011-01-01,230906,3,false,,2021-07-26T10:51:19Z,"","Universal Music Group",0.765,0.68,11,-6.306,1,0.0932,0.0953,0.0009,0.138,0.462,129.998,4
spotify:track:2UwIGaLmDdmCPoEJyPfWdW,"Calabria - Firebeatz Edit","Club Bangerz 5","Rune RK",2015-03-23,138750,0,false,,2021-07-26T10:50:49Z,"big room","disco:wax",0.621,0.896,10,-3.176,1,0.0642,0.00557,0.146,0.0531,0.627,128.062,4
spotify:track:34sGnIHB3ZthMvHpNX1i7e,"Day 'N' Nite - Crookers Remix","Man On The Moon: The End Of Day (Int'l Version)","Kid Cudi;Crookers",2009-01-01,281746,70,true,,2021-07-26T10:47:24Z,"italian trap","Kid Cudi/Universal Records",0.757,0.706,11,-4.744,0,0.0462,0.0326,0.0497,0.0552,0.962,129.993,4
spotify:track:5qGIfWDRdyO67LCTqA2sEn,"Heads Will Roll - A-Trak Remix Radio Edit","Good Morning Music: Wake Up Workout","Yeah Yeah Yeahs;A-Trak",2019-05-10,203920,74,false,,2021-07-26T10:47:12Z,"indie rock,disco house","UME - Global Clearing House",0.68,0.805,8,-3.232,0,0.0801,0.0134,0.0558,0.237,0.865,132.005,4
spotify:track:5bcfWAHLoMfGBdbeyoMaH3,"Intoxicated - New Radio Mix","Intoxicated","Martin Solveig;Good Times Ahead",2015-03-06,159693,48,false,,2021-07-26T10:46:48Z,"french house","Catchy Tunes",0.8,0.677,0,-4.023,1,0.0393,0.00563,0.00409,0.0838,0.547,125.004,4
spotify:track:6knXMt7UIPPJveAtsP1Dq4,"Don't Run Away","Let It Shine (Original Soundtrack)","Tyler James Williams;IM5",2012-06-12,176253,61,false,,2021-07-25T03:11:34Z,"","Walt Disney Records",0.747,0.801,7,-6.172,0,0.0493,0.0783,0,0.0656,0.713,126.798,4
spotify:track:4LiJE6pqgsTX3FtukW6bNh,"Release Me","Dance Love Pop (The Love Love Love Edition)","Agnes",2008-04-01,256213,70,false,,2021-07-25T03:06:20Z,"swedish pop","Roxy Recordings",0.621,0.923,2,-3.124,0,0.0321,0.00645,0.0000728,0.108,0.716,127.973,4
spotify:track:15NY4dSsZNZSIeRBlrcbYc,"Baila (feat. Papito)","Baila (feat. Papito)","Xabski;Papito",2021-07-09,123917,28,true,,2021-07-13T13:33:59Z,"dansk rap,dansk pop","Universal Music A/S",0.929,0.472,8,-6.979,0,0.12,0.293,0.00000463,0.183,0.794,133.973,4
spotify:track:05WPbN0RZeYj62c4VGpldv,"Onna Come Up (feat. G Herbo) [Remix]","Rookie Of The Year","Lil Eazzyy;G Herbo",2021-04-30,175729,60,true,,2021-07-05T12:16:12Z,"chicago drill,drill","Atlantic Records",0.679,0.794,1,-3.985,1,0.296,0.339,0.0000165,0.113,0.698,150.067,4
spotify:track:1m0UFnuTktOkksvjbF9z0m,"Ramenez la coupe à la maison","Marchand de sable","Vegedream",2018-07-20,235555,71,false,,2021-06-25T16:52:55Z,"pop urbaine,french r&b,shatta,french rap","Universal Music Division Island Def Jam",0.808,0.661,0,-6.237,0,0.0395,0.0358,0,0.138,0.804,107.992,4
spotify:track:5phjnA00QqNdF7oo8a6yu0,"ROLLIN N CONTROLLIN, Pt.2 (PICTURE ME)","ROLLIN N CONTROLLIN, Pt.2 (PICTURE ME)","DUSTY LOCANE",2021-05-14,121836,44,true,,2021-06-25T15:13:47Z,"brooklyn drill,new york drill,drill,uk drill","95MM / EMPIRE",0.858,0.625,8,-4.666,1,0.404,0.225,0,0.18,0.659,130.05,4
spotify:track:1xqRKo0SDFDO5Jy8yEVD0X,"ROLLIN N CONTROLLIN FREESTYLE","ROLLIN N CONTROLLIN FREESTYLE","DUSTY LOCANE",2020-08-07,191208,54,true,,2021-06-25T15:11:25Z,"brooklyn drill,new york drill,drill,uk drill","95MM / EMPIRE",0.69,0.514,8,-11.81,0,0.328,0.0975,0.497,0.346,0.307,72.791,4
spotify:track:1Emg2PWprZxWACEgw3Rn0J,"RUMBLE","RUMBLE","DUSTY LOCANE",2021-02-05,146021,37,true,,2021-06-25T15:11:18Z,"brooklyn drill,new york drill,drill,uk drill","95MM / EMPIRE",0.73,0.571,11,-8.243,1,0.396,0.267,0,0.266,0.691,74.096,4
spotify:track:1yCfzmInLAONzBx6sZenjC,"Casanostress","Casanostress","Moro YY",2021-06-18,207933,0,true,,2021-06-22T09:44:18Z,"","ProducingProducts",0.901,0.459,7,-10.156,1,0.27,0.136,0.0215,0.117,0.389,100.988,4
spotify:track:6CvUXk34TEn6sfeGGvJ4VT,"Dyckman (feat. Semih Automatisk & Statmilz)","Mere End Musik","Benny Jamz;Gilli;KESI;B.O.C;Semih Automatisk;Statmilz",2021-06-18,226007,39,false,,2021-06-18T12:35:35Z,"dansk rap,dansktop,dansk pop","MXIII",0.682,0.757,8,-5.182,0,0.229,0.018,0.00000341,0.295,0.571,94.64,4
spotify:track:4pFlr2xeJO1wgwiUw6pkaJ,"Kalder På Dig (feat. Rasmus Seebach)","Mere End Musik","Benny Jamz;Gilli;KESI;B.O.C;Rasmus Seebach",2021-06-18,170905,40,false,,2021-06-17T23:32:02Z,"dansk rap,dansktop,dansk pop","MXIII",0.768,0.647,7,-6.656,1,0.219,0.25,0,0.629,0.475,94.397,4
spotify:track:4ZtFanR9U6ndgddUvNcjcG,"good 4 u","SOUR","Olivia Rodrigo",2021-05-21,178146,86,true,,2021-06-09T19:08:15Z,"","Olivia Rodrigo PS",0.563,0.664,9,-5.044,1,0.154,0.335,0,0.0849,0.688,166.928,4
spotify:track:5IEV9dsY2iqC8ICtjAw0ER,"Latest Trends (feat. A Boogie wit da Hoodie) - Remix","Latest Trends (feat. A Boogie wit da Hoodie) [Remix]","A1 x J1;A Boogie Wit da Hoodie",2021-05-07,197636,39,true,,2021-05-12T12:11:24Z,"uk drill,drill,melodic rap","EMI",0.695,0.606,5,-7.18,0,0.218,0.101,0,0.102,0.799,142.118,4
spotify:track:3ZQEA3yfMMVcZYHtjYc1S4,"B.O. Bop","B.O. Bop/Wawa","Benny Jamz;Gilli;KESI;B.O.C",2021-03-19,193054,33,false,,2021-05-05T06:16:35Z,"dansk rap,dansktop,dansk pop","MXIII",0.868,0.688,1,-6.211,0,0.326,0.167,0,0.0843,0.58,139.934,4
spotify:track:63Sb1AMnhb37DR59uXZdQd,"Princess Cuts (feat. Young T & Bugsey)","EDNA","Headie One;Young T & Bugsey",2020-10-09,185080,55,true,,2021-04-25T18:35:11Z,"uk drill,grime,drill,uk grime,afroswing","Relentless Records",0.576,0.597,1,-6.659,0,0.318,0.196,0,0.049,0.885,101.174,4
spotify:track:7LRmDx4pMTQuOBBwRT1MCT,"Don't Rush (feat. Headie One)","Plead The 5th","Young T & Bugsey;Headie One",2020-03-20,207826,57,true,,2021-04-25T18:35:04Z,"afroswing,grime,uk grime,uk drill,drill","Black Butter",0.963,0.449,1,-8.701,0,0.323,0.185,0.00616,0.18,0.337,108.043,4
spotify:track:3CVb6hkMrlF7eHhXi5B3PZ,"Body","Body","Russ Millions;Tion Wayne",2021-03-25,183829,60,true,,2021-04-22T10:40:46Z,"uk drill,drill,grime,uk grime,afroswing","Atlantic Records UK",0.889,0.705,11,-8.683,0,0.392,0.389,0.0000104,0.0692,0.815,141.069,4
spotify:track:6m4SEnC7eZLrgroEvwAmCF,"Piece of Me (feat. Ella Mai)","Made In Lagos","Wizkid;Ella Mai",2020-10-29,196569,55,false,,2021-04-17T00:10:29Z,"afrobeats,afrobeat,afropop,azonto,afroswing,afro r&b,afropiano,r&b","Starboy/RCA Records",0.498,0.571,5,-5.338,0,0.101,0.0381,0.000072,0.118,0.504,93.763,4
spotify:track:3aJkV6DUTSCqOwVwaBDG9B,"With You","Views","Drake;PARTYNEXTDOOR",2016-05-06,195053,66,true,,2021-04-17T00:10:14Z,"rap,dark r&b,r&b,trap soul","Cash Money Records/Young Money Ent./Universal Rec.",0.878,0.406,1,-9.961,1,0.248,0.134,0.000234,0.112,0.784,128.014,4
spotify:track:5epCKMIdHIJYNri3JdTEhd,"Lægger Planer","MGP 2021","MGP;Justin Le",2021-02-12,140306,24,false,,2021-04-15T19:23:13Z,"dansk pop","Universal Music A/S",0.817,0.635,9,-5.125,0,0.0611,0.0782,0,0.109,0.817,97.047,4
spotify:track:0hex3tZT6ZWwjeIkB2IfCK,"Kun Hinanden (feat. Gilli)","Familie Før Para","Sivas;Gilli",2016-02-12,246610,42,false,,2021-04-13T13:39:20Z,"dansk rap,dansktop,dansk pop","Forbandet Ungdom",0.749,0.804,9,-2.987,0,0.104,0.305,0,0.123,0.575,124.022,4
spotify:track:3Ypl8PEnhoFjQHUKyNcGv8,"Vejen","Vejen","Sivas",2017-06-23,249753,30,true,,2021-04-13T13:39:15Z,"dansk rap,dansktop,dansk pop","disco:wax",0.721,0.601,5,-5.795,1,0.062,0.432,0,0.0745,0.419,83.092,4
spotify:track:7LSpHN7E9EKZo2YovzqOAV,"Følelsen","Følelsen","KESI",2017-08-25,198929,56,false,,2021-04-13T05:10:48Z,"dansk rap,dansktop,dansk pop","disco:wax",0.774,0.713,5,-4.748,0,0.0786,0.202,0,0.0567,0.872,92.959,4
spotify:track:0goOUCNL6MYrqSVvGhvsxw,"A92 x Fumez The Engineer - Plugged In Freestyle","A92 x Fumez The Engineer - Plugged In Freestyle","Fumez The Engineer;A92;Offica",2020-10-08,240000,1,true,,2021-04-09T10:52:25Z,"uk drill,drill,grime,uk grime","Fumez The Engineer",0.856,0.427,2,-13.297,1,0.365,0.0958,0,0.1,0.774,144.118,4
spotify:track:0i0Hc3bNrhoLjBNFH7U92N,"Ingen Over","Ingen Over","ICEKIID",2021-04-09,168179,47,true,,2021-04-09T09:23:24Z,"dansk rap,dansk pop,dansktop","Sony Music Entertainment",0.915,0.51,7,-6.69,1,0.116,0.28,0,0.28,0.913,106.036,4
spotify:track:427FrvG1dvatZajnjCEJ6C,"Stopper Aldrig","Stopper Aldrig","ATYPISK",2017-06-05,160746,0,false,,2021-04-07T18:53:06Z,"dansk rap,dansk pop","Ducktape Music",0.86,0.648,2,-4.073,1,0.164,0.0723,0,0.29,0.767,116.239,4
spotify:track:11RIJRbBfyLlJut96itSFd,"Energy (Stay Far Away)","Energy (Stay Far Away)","Skepta;Wizkid",2018-06-20,199521,66,true,,2021-04-01T20:54:19Z,"grime,uk grime,afrobeats,afrobeat,afropop,azonto,afroswing,afro r&b,afropiano","Boy Better Know",0.836,0.614,8,-4.543,0,0.311,0.345,0.0000986,0.088,0.603,101.97,4
spotify:track:4Me1GwI6kq6ZVLVcyMT7VC,"Pretty One","Pretty One","Koomz",2019-04-28,182169,0,true,,2021-03-28T02:18:29Z,"afroswing,grime","Koomz Limited",0.737,0.669,0,-4.882,0,0.0789,0.281,0,0.262,0.67,102.112,4
spotify:track:1RJHieKAxYz9qbREvOR5eA,"Kitchen Kings","Home Alone","D-Block Europe",2019-02-15,192025,62,true,,2021-03-28T00:57:16Z,"grime,uk drill","D-Block Europe",0.652,0.727,9,-5.976,1,0.0582,0.504,0,0.469,0.165,144.738,4
spotify:track:7G5VNGDnHt414PyL8rosns,"UFO","The Blue Print – Us Vs. Them","D-Block Europe;Aitch",2020-10-09,204000,65,true,,2021-03-28T00:57:12Z,"grime,uk drill,uk grime,drill","D-Block Europe",0.87,0.588,11,-6.318,0,0.163,0.105,0,0.281,0.614,100.071,4
spotify:track:6DXEZzM4wBa3EOl0NCNSvz,"Did You See","Common Sense","J Hus",2017-05-12,181413,70,true,,2021-03-28T00:54:31Z,"afroswing,grime,uk grime,afrobeats","Black Butter",0.579,0.579,11,-6.787,0,0.394,0.387,0,0.17,0.842,104.757,4
spotify:track:2JbO1rep5Um3RAKB8szQrR,"Barking","Blockbuster","Ramz",2019-05-17,204826,71,false,,2021-03-27T21:32:54Z,"afroswing,grime","Polydor Records",0.534,0.563,7,-7.845,0,0.312,0.181,0,0.0525,0.291,102.999,4
spotify:track:3z4CGd63tpUn9a6oQSG0CI,"Location (feat. Burna Boy)","PSYCHODRAMA","Dave;Burna Boy",2019-03-08,241293,21,true,,2021-03-22T17:37:40Z,"grime,uk grime,uk drill,drill,afrobeats,afrobeat,afropop,afroswing,dancehall,afropiano","Neighbourhood [GB] / Dave",0.812,0.496,9,-5.969,0,0.297,0.271,0,0.0955,0.55,109.979,4
spotify:track:7pnQ23WgZca9jEfMts9qsR,"Latest Trends","Latest Trends","A1 x J1",2021-02-04,158117,60,true,,2021-03-22T17:37:31Z,"uk drill,drill","EMI",0.716,0.513,5,-10.159,0,0.223,0.085,0,0.12,0.8,141.894,4
spotify:track:0lgUn1bN5txujF60W7YAbv,"Siberia (feat. Burna Boy)","EDNA (Deluxe)","Headie One;Burna Boy",2021-02-12,173493,43,true,,2021-03-22T17:37:24Z,"uk drill,grime,drill,uk grime,afrobeats,afrobeat,afropop,afroswing,dancehall,afropiano","Relentless Records",0.873,0.6,7,-7.178,1,0.192,0.623,0,0.0701,0.705,124.01,4
spotify:track:3GIknrNxqnm0znGUfRB0y9,"Champagne","Champagne","Gobs",2020-11-27,144153,25,true,,2021-03-22T15:10:40Z,"dansk rap,dansk pop,dansktop","WM Denmark",0.789,0.606,1,-5.052,0,0.0922,0.109,0,0.0839,0.497,104.203,4
spotify:track:5Awic3Q2wuEp6LrwPdTVis,"New Shape","New Shape","Young T & Bugsey",2020-11-26,221276,42,true,,2021-03-22T02:39:17Z,"afroswing,grime,uk grime","Black Butter",0.754,0.578,11,-6.1,0,0.0674,0.0867,0,0.341,0.36,141.005,4
spotify:track:3DKCTIiJ97bS9TGiqcABjo,"Thiago Silva","Thiago Silva","Dave;AJ Tracey",2016-05-13,201967,70,true,,2021-03-22T00:49:45Z,"grime,uk grime,uk drill,drill","Tropics Records",0.667,0.673,0,-7.574,1,0.323,0.0641,0.000004,0.0975,0.669,144.256,4
spotify:track:3Wh68Y0maz3GDD3fVYBJyG,"Double Up (feat. OFB, Bandokay and Double Lz)","Double Up (feat. OFB, Bandokay and Double Lz)","Sean 1da;OFB;Bandokay;Double Lz",2020-08-06,202023,21,true,,2021-03-22T00:49:32Z,"uk drill,drill,grime,uk grime","Warner Records",0.8,0.792,7,-5.414,0,0.221,0.113,0.000119,0.126,0.505,106.818,4
spotify:track:65vHYhe2AprpDBHBTpOBaE,"Burner on Deck (feat. Pop Smoke & Young Adz)","Money Can't Buy Happiness","Fredo;Pop Smoke;Young Adz",2021-01-29,187672,48,true,,2021-03-21T19:30:14Z,"grime,uk grime,uk drill,drill,brooklyn drill,new york drill","Since 93",0.784,0.514,11,-7.111,0,0.285,0.0957,0,0.207,0.269,135.111,4
spotify:track:3wwQvs3afGKpldV38l5LDt,"Part Of The Plan (feat. M Huncho)","Goat World","Nafe Smallz;M Huncho",2020-04-17,176000,51,true,,2021-03-21T16:44:08Z,"grime,uk grime,afroswing,uk drill","Nafe Smallz",0.855,0.556,2,-6.82,1,0.227,0.196,0,0.124,0.596,135.038,4
spotify:track:2HfE9Xa5vopvcl5e8k513b,"PUBLIC ENEMY","DEEP THE NIGHT","INFAMOUSIZAK",2019-08-08,224000,0,true,,2021-03-21T16:40:00Z,"grime,uk r&b,uk grime,afroswing","ACZ",0.828,0.778,6,-6.786,0,0.107,0.124,0,0.0894,0.59,129.978,4
spotify:track:2v2EN5kpfhHdaZheU0X2m1,"Inferno","Inferno","HEX",2019-04-17,152565,36,false,,2021-03-21T16:39:59Z,"","Parlophone UK",0.74,0.516,1,-8.783,1,0.0384,0.0579,0.0787,0.164,0.366,139.988,4
spotify:track:5q5t2C28uQdg2mk8HOfDWb,"Sasuke","Sasuke","Av9;Chuks;Rose9",2021-01-20,198904,0,true,,2021-03-20T22:52:46Z,"uk drill,drill","Trust It Entertainment",0.858,0.596,11,-7.587,0,0.399,0.621,0,0.113,0.677,146.033,4
spotify:track:4wLsrsxX0TVZBMwRSKTAY9,"100 (feat. KESI)","12.12","Kimbo;KESI",2018-12-12,228617,13,false,,2021-03-18T21:42:38Z,"dansk rap,dansktop,dansk pop","MXIII",0.427,0.608,5,-6.728,0,0.0838,0.0746,0,0.217,0.214,117.852,4
spotify:track:1hw6yWtZwm3wDCFD5lGDqO,"GRØN RØG","GRØN RØG","NODE",2021-02-12,142077,16,true,,2021-03-18T10:19:29Z,"dansk rap,dansk pop","Sony Music Entertainment",0.826,0.681,8,-6.32,0,0.358,0.0697,0.00000231,0.163,0.753,105.051,4
spotify:track:7lRO4pmomGgPsdbOsqpJzY,"Paycheck (feat. RH)","Paycheck (feat. RH)","Skinz;RH",2021-02-19,141900,21,true,,2021-03-18T10:19:17Z,"dansk pop,dansk rap","WM Denmark",0.859,0.487,8,-6.599,1,0.0676,0.222,0,0.168,0.75,104.98,4
spotify:track:6kTcD0M0bWkhag8YqhfOWI,"VERSACE (feat. NODE)","VERSACE (feat. NODE)","DON EAZY;NODE",2021-03-12,157125,21,true,,2021-03-18T10:19:13Z,"dansk rap,dansk pop","Heritage",0.743,0.561,1,-7.146,0,0.291,0.39,0,0.103,0.683,135.963,4
spotify:track:0dtUTINh5LlDTqvxH82WJS,"Mood Swings (Lamin X Michael Williams)","Mood Swings (Lamin X Michael Williams)","Lamin;Michael Williams",2021-03-12,137000,39,true,,2021-03-18T10:19:06Z,"dansk rap,dansktop,dansk pop","Universal Music A/S",0.841,0.582,1,-6.946,0,0.353,0.00515,0,0.118,0.546,75.029,1
spotify:track:7rGU2T0LIENtfI1Anx0ywJ,"No Wahala","No Wahala","ICEKIID",2021-03-05,163551,30,true,,2021-03-18T10:19:03Z,"dansk rap,dansk pop,dansktop","Sony Music Entertainment",0.725,0.621,8,-7.353,0,0.269,0.0221,0,0.0878,0.61,94.901,4
spotify:track:5yTBTVlEbmaJvaCIyqaIaM,"Moscow Mule","Moscow Mule","Larry",2021-02-25,137320,33,true,,2021-03-18T10:19:02Z,"dansk rap,dansk pop","Sony Music Entertainment",0.77,0.701,1,-6.245,1,0.17,0.0297,0,0.119,0.614,145.087,4
spotify:track:696pTNllVLM7EK9wMIuYdJ,"Vibes","3","NODE;Gilli",2021-03-05,171149,43,true,,2021-03-18T10:19:00Z,"dansk rap,dansk pop,dansktop","Sony Music Entertainment",0.475,0.87,8,-4.054,1,0.33,0.206,0,0.352,0.811,86.719,5
spotify:track:0dN4Ziuw9Z5kzVHCRiHbIJ,"Money","Money","KDZ;Dilano",2021-03-12,181221,19,true,,2021-03-18T10:18:56Z,"dansk rap","Sony Music Entertainment",0.719,0.71,5,-6.423,0,0.102,0.0822,0.00000401,0.286,0.473,130.005,4
spotify:track:18DsbaUbqzoD1nLEoI5MY2,"Burj Khalifa","Burj Khalifa","N3LLY",2021-03-12,140160,23,false,,2021-03-18T10:18:49Z,"dansk rap","Universal Music A/S",0.813,0.67,11,-6.162,0,0.0592,0.0106,0.00000126,0.115,0.578,125.003,4
spotify:track:4afbO9eo03R7K3ghUklKTH,"DEXTER","DEXTER","DON EAZY",2020-12-04,137832,31,false,,2021-02-03T17:09:15Z,"dansk rap","Heritage",0.691,0.619,1,-6.67,1,0.39,0.0804,0,0.39,0.617,71.664,4
spotify:track:4cG7HUWYHBV6R6tHn1gxrl,"Friday (feat. Mufasa & Hypeman) - Dopamine Re-Edit","Friday (feat. Mufasa & Hypeman) [Dopamine Re-Edit]","Riton;Nightcrawlers;Mufasa & Hypeman;Mufasa;Dopamine",2021-01-15,169153,82,false,,2021-01-23T16:31:49Z,"house","Ministry of Sound Recordings",0.824,0.862,2,-3.424,1,0.126,0.0076,0.000132,0.303,0.801,122.98,4
spotify:track:6OpaMIOaJw0Krv2mMoRkcu,"Blockstar","Muhh Season","Stickz",2019-12-13,192052,0,true,,2021-01-15T15:59:37Z,"uk drill,drill,grime","STIZZY STICKZ",0.846,0.573,8,-8.908,1,0.264,0.339,0.00000151,0.145,0.625,139.988,4
spotify:track:21x1FpH5mmrRCxWMRWofMM,"We Don't Dance","We Don't Dance","M24;Stickz",2019-07-08,187210,0,true,,2021-01-15T15:58:07Z,"uk drill,drill,grime,uk grime","Independent",0.923,0.486,1,-7.42,1,0.369,0.495,0,0.175,0.388,140.001,4
spotify:track:3fAa5d2KhtXJ1gxB1wobQz,"Burning (feat. M Huncho & Dutchavelli)","GRM 10","GRM Daily;M Huncho;dutchavelli",2020-06-19,169714,56,true,,2021-01-15T06:42:11Z,"uk drill,grime,drill,uk grime,aussie drill","GRM Daily Records",0.866,0.48,1,-8.885,1,0.264,0.0388,0.0000262,0.109,0.473,140.11,4
spotify:track:2GANwhnlMLiUTt4jSSEtsE,"Bando Diaries","Dutch From The 5th","dutchavelli",2020-11-06,138428,46,true,,2021-01-14T10:20:10Z,"uk drill,drill,grime,uk grime,aussie drill","Parlophone UK",0.89,0.617,8,-7.767,0,0.38,0.0519,0.0000056,0.0815,0.706,140.16,4
spotify:track:27ApZ49hpZZbLSBdNLnqjv,"Only If You Knew","Only If You Knew","dutchavelli",2020-08-07,176666,38,true,,2021-01-14T10:19:45Z,"uk drill,drill,grime,uk grime,aussie drill","Parlophone UK",0.816,0.766,1,-4.759,1,0.31,0.192,0.0000334,0.0943,0.349,144.105,4
spotify:track:5WO3QkGOymQew1hH2A6oNY,"Molly","Molly","Central Cee",2020-07-27,201666,55,true,,2021-01-09T18:52:48Z,"uk drill,drill,uk grime","Central Cee",0.848,0.368,0,-9.351,0,0.547,0.0828,0,0.11,0.267,144.029,4
spotify:track:4D0GT8zWuA7Z2em6dpajAn,"Loading","Loading","Central Cee",2020-10-22,173333,54,true,,2021-01-09T17:10:01Z,"uk drill,drill,uk grime","Central Cee",0.85,0.68,3,-6.18,0,0.338,0.732,0,0.0964,0.694,144.006,1
spotify:track:6DgMffCX9ftTdDEZgZLVSd,"Day in the Life","Day in the Life","Central Cee",2020-06-15,188689,48,true,,2021-01-08T08:56:42Z,"uk drill,drill,uk grime","Central Cee",0.905,0.571,2,-7.979,1,0.357,0.228,0,0.113,0.757,144.892,4
spotify:track:0jgO2f0lAPSs36KBAHx9Dl,"London (feat. Tion Wayne)","London (feat. Tion Wayne)","M24;Tion Wayne",2020-02-06,161118,51,true,,2021-01-08T08:55:23Z,"uk drill,drill,grime,uk grime,afroswing","Atlantic Records",0.851,0.605,5,-6.86,0,0.521,0.122,0,0.415,0.562,142.892,4
spotify:track:0vfYm96cD1zSVftNMEGqff,"On Deck","Product of My Environment","Abra Cadabra",2020-12-04,179534,45,true,,2021-01-07T18:48:36Z,"uk drill,drill,grime,uk grime,afroswing","Abra Cadabra",0.482,0.749,6,-7.597,0,0.317,0.407,0,0.0911,0.611,108.557,3
spotify:track:7CSjrlKu2HI9qNpzCWWYer,"Spin This Coupe","Spin This Coupe","Abra Cadabra",2020-11-05,161564,42,true,,2021-01-07T18:47:53Z,"uk drill,drill,grime,uk grime,afroswing","Abra Cadabra",0.676,0.828,10,-4.725,0,0.261,0.132,0.00000463,0.0822,0.544,139.974,4
spotify:track:7K9DSUihgSSJiYzLMacr3s,"Ido POW","Ido POW","Moro YY",2020-12-25,181258,0,true,,2021-01-05T12:44:39Z,"","MC MADSEN",0.883,0.52,3,-7.182,1,0.256,0.541,0.00296,0.155,0.358,142.738,4
spotify:track:3B0WbRucJ6ZIla2G9IVt2E,"I Dunno (feat. Dutchavelli & Stormzy)","I Dunno (feat. Dutchavelli & Stormzy)","Tion Wayne;dutchavelli;Stormzy",2020-05-29,178137,60,true,,2021-01-04T08:11:18Z,"uk drill,drill,grime,uk grime,afroswing,aussie drill","Atlantic Records UK",0.821,0.666,1,-7.237,1,0.342,0.0954,0,0.319,0.739,145.066,4
spotify:track:0LdJhkdjM1JkOPZDYUZkWy,"AVEN9ERS (feat. KO & V9)","Rise Above Hate","Unknown T;Kay-O;V9",2020-07-17,202123,46,true,,2021-01-03T21:28:11Z,"uk drill,drill,grime,uk grime,afroswing","Universal-Island Records Ltd.",0.74,0.631,4,-6.822,0,0.333,0.218,0,0.281,0.439,143.087,4
spotify:track:2Hozfl5DfXdNd75Pbgr611,"Digits","4 Side C.E.O","KiNGZ¥",2020-04-24,228250,18,true,,2020-12-22T13:19:00Z,"norwegian hip hop","4OURS The Label",0.859,0.486,8,-10.495,1,0.275,0.0119,0.0103,0.292,0.581,143.035,4
spotify:track:1ylymaTbSjggG7TaItdRkI,"Out On Bail","Out On Bail","YG",2020-09-23,151029,43,true,,2020-11-30T07:57:43Z,"hyphy","Def Jam Recordings",0.734,0.563,0,-6.464,1,0.314,0.0182,0,0.0981,0.371,203.905,4
spotify:track:3BINSFSuHalV8yoX3zAVbl,"Juice","Juice","Young Franco;Pell",2020-02-28,211212,47,false,,2020-10-22T15:03:48Z,"","Universal Music Australia Pty. Ltd.",0.861,0.533,0,-5.995,1,0.199,0.253,0.00000171,0.0535,0.61,111.986,4
spotify:track:3hARuUtzTdUuWH1KiLJlSf,"Window","Window","Still Woozy",2020-04-17,139293,56,false,,2020-10-22T14:55:46Z,"bedroom pop","Still Woozy Productions Inc., under exclusive license to Interscope Records",0.714,0.483,4,-9.378,0,0.195,0.436,0.000023,0.28,0.67,91.025,4
spotify:track:0vfyX1HkI3W4cObSgHLU9x,"Tour (feat. KESI)","TOUR","Lamin;KESI",2020-10-09,167638,46,true,,2020-10-13T12:21:43Z,"dansk rap,dansktop,dansk pop","Universal Music A/S",0.825,0.739,7,-3.823,0,0.188,0.211,0.0000022,0.111,0.507,98.95,4
spotify:track:2tDDQv6havDcaAEizQAwap,"What You Know Bout Love","Shoot For The Stars Aim For The Moon (Deluxe)","Pop Smoke",2020-07-20,160000,14,true,,2020-10-03T20:31:08Z,"brooklyn drill,new york drill,drill","Victor Victor Worldwide",0.709,0.548,10,-8.493,1,0.353,0.65,0.00000159,0.133,0.543,83.995,4
spotify:track:5kkaSMcf4BFlhRRICCKZb6,"Something Special","Shoot For The Stars Aim For The Moon","Pop Smoke",2020-07-03,158466,28,true,,2020-09-17T10:39:54Z,"brooklyn drill,new york drill,drill","Victor Victor Worldwide",0.739,0.616,7,-6.963,0,0.0338,0.252,0.00000193,0.101,0.654,91.071,4
spotify:track:1EI5fPYwbCLDaxFHe7nFM2,"The Woo (feat. 50 Cent & Roddy Ricch)","Shoot For The Stars Aim For The Moon (Deluxe)","Pop Smoke;50 Cent;Roddy Ricch",2020-07-20,201600,9,true,,2020-09-16T18:21:30Z,"brooklyn drill,new york drill,drill,old school hip hop,east coast hip hop,melodic rap","Victor Victor Worldwide",0.49,0.618,1,-5.655,1,0.104,0.0221,0.00000377,0.259,0.286,99.7,4
spotify:track:3yisGOceXfWUbv0DQ8n05e,"Something Special","Shoot For The Stars Aim For The Moon (Deluxe)","Pop Smoke",2020-07-20,158466,10,true,,2020-09-16T18:17:36Z,"brooklyn drill,new york drill,drill","Victor Victor Worldwide",0.739,0.616,7,-6.963,0,0.0338,0.252,0.00000193,0.101,0.654,91.071,4
spotify:track:25Wq1OwZyKLMjVNXIhzVlV,"Aim For The Moon (feat. Quavo)","Shoot For The Stars Aim For The Moon (Deluxe)","Pop Smoke;Quavo",2020-07-20,175756,10,true,,2020-09-06T18:11:55Z,"brooklyn drill,new york drill,drill","Victor Victor Worldwide",0.713,0.605,11,-7.487,1,0.107,0.497,0.00000346,0.115,0.432,142.025,4
spotify:track:7bTSZA64kmmd2biBbcsCUk,"Tunnel Vision (Outro)","Shoot For The Stars Aim For The Moon (Deluxe)","Pop Smoke",2020-07-20,132587,6,true,,2020-09-06T18:11:18Z,"brooklyn drill,new york drill,drill","Victor Victor Worldwide",0.718,0.66,2,-7.39,1,0.325,0.363,0,0.159,0.659,142.879,4
spotify:track:0VmbpCPAVUrZA4NQNNg5o6,"Yea Yea (feat. Queen Naija) - Remix","Shoot For The Stars Aim For The Moon (Deluxe)","Pop Smoke;Queen Naija",2020-07-20,216774,7,true,,2020-09-06T18:09:53Z,"brooklyn drill,new york drill,drill","Victor Victor Worldwide",0.544,0.484,5,-7.269,0,0.411,0.0575,0,0.139,0.413,120.24,4
spotify:track:2FcxERmTy16Z6SIX31cBVc,"Diana (feat. King Combs & Calboy) - Remix","Shoot For The Stars Aim For The Moon (Deluxe)","Pop Smoke;King Combs;Calboy",2020-07-20,234330,6,true,,2020-09-06T18:09:52Z,"brooklyn drill,new york drill,drill,melodic rap","Victor Victor Worldwide",0.796,0.792,7,-5.616,1,0.184,0.246,0,0.101,0.56,126.991,4
spotify:track:6QzkbRRLWTEcFE0NyOX1Dt,"Enjoy Yourself (feat. Burna Boy) - Remix","Shoot For The Stars Aim For The Moon (Deluxe)","Pop Smoke;Burna Boy",2020-07-20,197938,15,true,,2020-09-06T18:09:51Z,"brooklyn drill,new york drill,drill,afrobeats,afrobeat,afropop,afroswing,dancehall,afropiano","Victor Victor Worldwide",0.773,0.688,11,-6.935,0,0.146,0.454,0,0.214,0.441,96.955,4
spotify:track:5xKXcU8tpSYz7C7wrMMYec,"Hotel Lobby","Shoot For The Stars Aim For The Moon (Deluxe)","Pop Smoke",2020-07-20,151011,26,true,,2020-09-06T18:09:43Z,"brooklyn drill,new york drill,drill","Victor Victor Worldwide",0.688,0.61,11,-6.79,1,0.145,0.198,0.00154,0.114,0.196,88.995,4
spotify:track:2UYGC1AQpguCOBJRQUOeeU,"Got It On Me","Shoot For The Stars Aim For The Moon (Deluxe)","Pop Smoke",2020-07-20,164579,14,true,,2020-09-06T18:09:40Z,"brooklyn drill,new york drill,drill","Victor Victor Worldwide",0.688,0.647,2,-7.258,1,0.19,0.00815,0.0000165,0.095,0.195,88.834,4
spotify:track:5nCL0ULKVpkeJdQJ4UYVAI,"Diana (feat. King Combs)","Shoot For The Stars Aim For The Moon (Deluxe)","Pop Smoke;King Combs",2020-07-20,188976,5,true,,2020-09-06T18:09:39Z,"brooklyn drill,new york drill,drill","Victor Victor Worldwide",0.794,0.792,7,-6.889,1,0.186,0.22,0,0.0998,0.546,126.994,4
spotify:track:3mZNztgWFsvm9wfcqSOdKg,"Mood Swings (feat. Lil Tjay)","Shoot For The Stars Aim For The Moon (Deluxe)","Pop Smoke;Lil Tjay",2020-07-20,213333,13,true,,2020-09-06T18:09:34Z,"brooklyn drill,new york drill,drill,melodic rap","Victor Victor Worldwide",0.48,0.602,10,-6.335,0,0.368,0.487,0,0.0848,0.269,179.798,4
spotify:track:5pFn569bgXKoKIaF3LSfaI,"Enjoy Yourself (feat. Karol G)","Shoot For The Stars Aim For The Moon (Deluxe)","Pop Smoke;KAROL G",2020-07-20,197938,9,true,,2020-09-06T18:09:33Z,"brooklyn drill,new york drill,drill,reggaeton,latin,urbano latino","Victor Victor Worldwide",0.764,0.676,11,-6.761,0,0.0927,0.389,0,0.215,0.461,97.02,4
spotify:track:6BYPomivIjWbWAvrhplZCx,"Creature (feat. Swae Lee)","Shoot For The Stars Aim For The Moon (Deluxe)","Pop Smoke;Swae Lee",2020-07-20,202815,7,true,,2020-09-06T18:09:28Z,"brooklyn drill,new york drill,drill","Victor Victor Worldwide",0.794,0.717,7,-5.73,1,0.251,0.0511,0,0.195,0.372,141.881,4
spotify:track:47k25JWFG1aLiaDjkIH10g,"Gangstas","Shoot For The Stars Aim For The Moon (Deluxe)","Pop Smoke",2020-07-20,160000,11,true,,2020-09-06T18:09:27Z,"brooklyn drill,new york drill,drill","Victor Victor Worldwide",0.548,0.506,4,-7.434,0,0.102,0.203,0.0001,0.0788,0.557,119.987,5
spotify:track:26eBPBSBwwK7AXdOYOQdM0,"Yea Yea","Shoot For The Stars Aim For The Moon (Deluxe)","Pop Smoke",2020-07-20,185803,7,true,,2020-09-06T18:09:27Z,"brooklyn drill,new york drill,drill","Victor Victor Worldwide",0.717,0.474,5,-8.383,0,0.403,0.0509,0,0.139,0.448,123.906,4
spotify:track:6IParsannfwoLCcNSfxQPh,"For The Night (feat. Lil Baby & DaBaby)","Shoot For The Stars Aim For The Moon (Deluxe)","Pop Smoke;Lil Baby;DaBaby",2020-07-20,190476,12,true,,2020-09-06T18:09:26Z,"brooklyn drill,new york drill,drill","Victor Victor Worldwide",0.823,0.586,6,-6.606,0,0.2,0.114,0,0.193,0.347,125.971,4
spotify:track:1Noe5fcm9FT2gcbDKJdBV1,"Bad Bitch From Tokyo (Intro)","Shoot For The Stars Aim For The Moon (Deluxe)","Pop Smoke",2020-07-20,48000,7,true,,2020-09-06T18:09:24Z,"brooklyn drill,new york drill,drill","Victor Victor Worldwide",0.645,0.64,10,-6.871,0,0.179,0.395,0.0000104,0.286,0.674,140.248,4
spotify:track:7kFMvM2gUzVeW2ZlkKRhzu,"Showin Off Pt.1 (feat. Fivio Foreign)","Shoot For The Stars Aim For The Moon (Deluxe)","Pop Smoke;Fivio Foreign",2020-07-20,96040,8,true,,2020-09-06T18:09:18Z,"brooklyn drill,new york drill,drill,uk drill","Victor Victor Worldwide",0.877,0.655,2,-5.823,1,0.418,0.145,0,0.16,0.535,139.883,4
spotify:track:14S2Y85NiZoU4AFGOn56uV,"Ruthless (feat. Jay Critch)","F.N","Lil Tjay;Jay Critch",2019-08-09,244573,31,true,,2020-08-24T07:17:22Z,"brooklyn drill,melodic rap,new york drill","Columbia",0.739,0.585,9,-9.776,1,0.0633,0.0488,0,0.198,0.382,129.854,4
spotify:track:3pGFUGH3gq2nhSiIibJJEQ,"Djomb - Remix","Djomb (Remix)","Bosh;Branco",2020-08-14,143386,31,true,,2020-08-13T23:53:19Z,"french rap,pop urbaine,french r&b,dansk rap,dansk pop,dansktop","Arista France",0.926,0.615,1,-7.858,1,0.221,0.12,0.000608,0.328,0.702,123.082,4
spotify:track:5wIjM4q7oIgiLqn8Qfoyxh,"Keisha & Becky - Remix","Keisha & Becky (Remix)","Russ Millions;Tion Wayne;Aitch;Swarmz;Sav'o;JAY1",2019-04-11,252906,61,true,,2020-07-14T12:42:20Z,"uk drill,drill,grime,uk grime,afroswing","EMI",0.863,0.471,6,-9.545,1,0.478,0.251,0,0.121,0.644,140.969,4
spotify:track:2PgIXpOwuX66eJH2yWHvuU,"HUS (CENTRUM) [feat. Specktors, Nonsens & Djämes Braun] - Yo Johnny Remix","HUS (CENTRUM) [feat. Specktors, Nonsens & Djämes Braun] [Yo Johnny Remix]","LUNA;Djämes Braun;Nonsens;Specktors;Yo Johnny",2020-07-03,194291,25,true,,2020-07-04T20:09:31Z,"dansk pop,dansk rap,bass house","WM Denmark",0.936,0.914,1,-5.82,1,0.0727,0.00904,0.00891,0.0981,0.658,127.056,4
spotify:track:3uBw10GPSNJPIECbOeQ1y6,"M.E.N","Walk With Me","Bugzy Malone",2015-07-24,240362,57,true,,2020-06-06T19:21:15Z,"grime,uk grime,uk drill,drill","Ill Gotten Records",0.506,0.43,10,-17.402,0,0.317,0.289,0.013,0.135,0.293,137.648,4
spotify:track:0VKxgUrRPmRX9r1k7SocHl,"Alarm","1010","Benny Jamz",2020-01-01,173313,38,false,,2020-05-05T20:27:56Z,"dansk rap,dansktop,dansk pop","MXIII",0.632,0.567,5,-7.965,0,0.108,0.165,0,0.239,0.589,74.987,4
spotify:track:4Qs8uJL6dhsJJKl2rX8a9F,"The Shape I'm In - Remastered 2000","Stage Fright (Expanded Edition)","The Band;Todd Rundgren",1970-08-17,240573,48,false,,2020-04-10T23:01:04Z,"folk rock,roots rock,southern rock,americana,yacht rock,power pop,philly soul","Capitol Records",0.723,0.672,7,-7.875,1,0.0356,0.243,0.00373,0.299,0.958,128.079,4
spotify:track:1ttPzkTSpQUFcEGx8bjerL,"Every Season","Feed Tha Streets II","Roddy Ricch",2018-11-02,214375,68,true,,2020-03-23T19:35:34Z,"melodic rap","Bird Vision Entertainment",0.936,0.704,5,-5.47,0,0.457,0.0632,0,0.104,0.566,130.022,4
spotify:track:59SXQHh55uKjMdtxwHaxFW,"G Ting","G Ting","PAY",2020-02-28,152177,32,true,,2020-02-29T21:31:28Z,"dansk rap,dansk pop","Paidmen Music",0.845,0.431,0,-9.567,0,0.122,0.0689,0.0969,0.177,0.256,90.006,4
spotify:track:4S7YHmlWwfwArgd8LfSPud,"L$D","AT.LONG.LAST.A$AP","A$AP Rocky",2015-05-26,238314,75,true,,2020-02-26T00:03:52Z,"rap","A$AP Worldwide/Polo Grounds Music/RCA Records",0.598,0.252,2,-15.086,1,0.0644,0.194,0.133,0.0992,0.0352,120.064,4
spotify:track:781hm63hoGyBWLz0eVGmSQ,"Kender Ham Godt","Kender Ham Godt","Young Juu",2020-02-21,180321,36,false,,2020-02-25T23:08:55Z,"dansk rap","Universal Music A/S",0.779,0.469,2,-9.094,1,0.322,0.311,0,0.209,0.523,139.925,4
spotify:track:219jZRY9zVkrunULslRLvD,"Nino","Nino","Michael Williams",2020-02-07,147026,46,true,,2020-02-25T07:06:43Z,"dansk rap,dansktop,dansk pop","Universal Music A/S",0.813,0.43,0,-7.388,0,0.095,0.507,0.00000145,0.0986,0.526,99.994,4
spotify:track:5T9aZRhY5uYeovAQtATLyK,"Better Have Your Gun","Meet The Woo","Pop Smoke",2019-07-26,199826,13,true,,2020-02-19T21:37:14Z,"brooklyn drill,new york drill,drill","Victor Victor Worldwide/Republic Records",0.526,0.814,1,-4.951,1,0.409,0.157,0,0.5,0.562,141.514,4
spotify:track:2ZRdQMMKtmPLdYp9aP5cK5,"Hawk Em","Meet The Woo","Pop Smoke",2019-07-26,118800,27,true,,2020-02-19T21:37:10Z,"brooklyn drill,new york drill,drill","Victor Victor Worldwide/Republic Records",0.68,0.607,2,-5.523,1,0.222,0.264,0.0000139,0.354,0.506,141.992,4
spotify:track:1SslOor5usE3EFLGtiMyIn,"Dior","Meet The Woo (Deluxe Version)","Pop Smoke",2019-09-13,216386,7,true,,2020-02-19T21:36:52Z,"brooklyn drill,new york drill,drill","Victor Victor Worldwide/Republic Records",0.548,0.805,7,-5.732,1,0.351,0.212,0.000405,0.408,0.649,142.096,4
spotify:track:1EGnSeCByNJ3w4R3lEI7ML,"Hawk Em","Meet The Woo (Deluxe Version)","Pop Smoke",2019-09-13,118800,6,true,,2020-02-19T21:36:51Z,"brooklyn drill,new york drill,drill","Victor Victor Worldwide/Republic Records",0.68,0.607,2,-5.523,1,0.222,0.264,0.0000139,0.354,0.506,141.992,4
spotify:track:4dpgUETtAY1YLAHulN0UtP,"Welcome To The Party","Meet The Woo (Deluxe Version)","Pop Smoke",2019-09-13,214960,8,true,,2020-02-19T21:36:42Z,"brooklyn drill,new york drill,drill","Victor Victor Worldwide/Republic Records",0.63,0.724,2,-5.543,1,0.105,0.0138,0.0000692,0.196,0.237,143.024,4
spotify:track:0fIffclhgJC5h8AdMMVvkp,"Welcome To The Party","Meet The Woo","Pop Smoke",2019-07-26,214960,29,true,,2020-02-19T21:36:23Z,"brooklyn drill,new york drill,drill","Victor Victor Worldwide/Republic Records",0.63,0.724,2,-5.543,1,0.105,0.0138,0.0000692,0.196,0.237,143.024,4
spotify:track:79s5XnCN4TJKTVMSmOx8Ep,"Dior","Meet The Woo","Pop Smoke",2019-07-26,216386,41,true,,2020-02-19T21:36:21Z,"brooklyn drill,new york drill,drill","Victor Victor Worldwide/Republic Records",0.548,0.805,7,-5.732,1,0.351,0.212,0.000405,0.408,0.649,142.096,4
spotify:track:40mjsnRjCpycdUw3xhS20g,"GATTI","JACKBOYS","JACKBOYS;Pop Smoke;Travis Scott",2019-12-27,181144,71,true,,2020-02-19T21:36:20Z,"brooklyn drill,new york drill,drill,rap","Cactus Jack/Epic",0.594,0.676,2,-5.808,1,0.344,0.135,0,0.163,0.472,143.477,4
spotify:track:41Ee1u8ignxtICyaPI5OqO,"Dior - Bonus","Meet The Woo 2","Pop Smoke",2020-02-07,216386,12,true,,2020-02-19T21:36:09Z,"brooklyn drill,new york drill,drill","Victor Victor Worldwide",0.729,0.798,7,-5.94,1,0.333,0.208,0.00045,0.402,0.683,142.048,4
spotify:track:2hYN1IVp5LGIsi5MpzcjVz,"War (feat. Lil Tjay) - Bonus","Meet The Woo 2","Pop Smoke;Lil Tjay",2020-02-07,221826,26,true,,2020-02-19T21:36:09Z,"brooklyn drill,new york drill,drill,melodic rap","Victor Victor Worldwide",0.607,0.76,1,-4.442,0,0.189,0.194,0,0.0768,0.586,141.946,4
spotify:track:7FWec1Je1DluKGUKZCwkq4,"Dreaming","Meet The Woo 2","Pop Smoke",2020-02-07,174546,18,true,,2020-02-19T21:36:08Z,"brooklyn drill,new york drill,drill","Victor Victor Worldwide",0.687,0.689,10,-4.096,1,0.259,0.173,0.000481,0.523,0.821,71.555,4
spotify:track:5eJpwQyirY5EEdNadHKRAM,"Mannequin (feat. Lil Tjay)","Meet The Woo 2","Pop Smoke;Lil Tjay",2020-02-07,160560,26,true,,2020-02-19T21:35:54Z,"brooklyn drill,new york drill,drill,melodic rap","Victor Victor Worldwide",0.683,0.798,1,-5.923,1,0.3,0.463,0,0.264,0.751,145.124,4
spotify:track:57BGVV6wcyhbn3hsjlqEZB,"Element","Meet The Woo 2","Pop Smoke",2020-02-07,135746,34,true,,2020-02-19T21:35:44Z,"brooklyn drill,new york drill,drill","Victor Victor Worldwide",0.772,0.879,2,-4.22,1,0.323,0.0307,0.00000188,0.25,0.304,61.311,5
spotify:track:18bum1uNxoHQ8WwbOlMY9Z,"Armed N Dangerous - Charlie Sloth Freestyle","Meet The Woo 2","Pop Smoke",2020-02-07,146720,18,true,,2020-02-19T21:35:33Z,"brooklyn drill,new york drill,drill","Victor Victor Worldwide",0.754,0.724,8,-7.282,0,0.103,0.539,0.0326,0.112,0.651,143.55,4
spotify:track:2IT0T0EqPaUxasjl2o8J2G,"Christopher Walking","Meet The Woo 2","Pop Smoke",2020-02-07,190680,21,true,,2020-02-19T21:35:17Z,"brooklyn drill,new york drill,drill","Victor Victor Worldwide",0.772,0.744,6,-5.108,0,0.244,0.0114,0,0.066,0.764,140.99,4
spotify:track:792HwhrdO3ErRKL5yRe4Ge,"Invincible","Meet The Woo 2","Pop Smoke",2020-02-07,127546,36,true,,2020-02-19T21:35:15Z,"brooklyn drill,new york drill,drill","Victor Victor Worldwide",0.548,0.732,11,-5.652,0,0.336,0.125,0,0.269,0.612,142.791,4
spotify:track:3DWjFSDEQ9IWz1mj449fB7,"Get Back","Meet The Woo 2","Pop Smoke",2020-02-07,108160,30,true,,2020-02-19T21:35:10Z,"brooklyn drill,new york drill,drill","Victor Victor Worldwide",0.799,0.649,9,-6.546,1,0.306,0.0746,0.0000133,0.517,0.566,142.004,4
spotify:track:6w4m3QzPmde3x96lVZFtso,"Himalaya","Himalaya","Larry",2019-09-20,183560,38,true,,2020-02-09T08:51:55Z,"dansk rap,dansk pop","Sony Music Entertainment",0.696,0.504,8,-6.678,0,0.0683,0.248,0,0.141,0.351,141.885,4
spotify:track:6WRM60Vyki6JmiX4s8c7Cs,"GADEPLAN","Militant Mentalitet","MellemFingaMuzik",2015-03-27,196960,35,true,,2020-02-09T08:51:48Z,"dansk rap,dansk pop","Grounded",0.87,0.602,5,-6.381,0,0.348,0.147,0,0.342,0.588,98.825,4
spotify:track:5TKuvTO4jj4trnmMnqEpoJ,"London Town","London Town","Branco;Gilli",2019-10-04,173933,53,true,,2020-02-09T08:51:32Z,"dansk rap,dansk pop,dansktop","Sony Music Entertainment",0.857,0.541,1,-7.272,0,0.283,0.419,0.00000136,0.108,0.565,101.913,4
spotify:track:7FreZPHSPVyZKBDYtFXTJf,"Weekend Hver Dag","Weekend Hver Dag","Josef Og Elias",2020-01-24,171739,38,true,,2020-02-09T08:51:30Z,"dansk rap,dansk pop","Universal Music A/S",0.917,0.471,10,-7.293,0,0.0608,0.0291,0,0.128,0.686,98.044,4
spotify:track:0UR1qtm8DkALIfDqUaFcVM,"Bonvoy (feat. Branco)","STEPZOLOGI","Stepz;Branco",2019-09-12,158302,32,false,,2020-02-09T08:51:29Z,"dansk rap,dansk pop,dansktop","Universal Music A/S",0.919,0.721,10,-5.225,0,0.145,0.00756,0.00000852,0.0898,0.38,135.976,4
spotify:track:6q90mFphEXrrBfIXAbDLY3,"Flytilstand","1010","Benny Jamz",2020-01-01,147988,41,false,,2020-02-08T14:47:08Z,"dansk rap,dansktop,dansk pop","MXIII",0.824,0.716,7,-4.504,0,0.0732,0.0608,0,0.262,0.329,99.991,4
spotify:track:0e9JDnz30moH9suCA64omJ,"Ego","Hood Favorite","Jay Critch",2018-11-02,210431,45,true,,2020-02-05T13:29:12Z,"brooklyn drill,new york drill","UMGRI Interscope",0.834,0.567,7,-5.16,0,0.1,0.188,0,0.0998,0.204,127.991,4
spotify:track:5dKHAZhVD7aHRqD0l0YNXi,"Psycho (feat. Artigeardit)","Psycho (feat. Artigeardit)","Omar;Artigeardit",2019-09-20,195093,36,false,,2020-01-29T14:05:22Z,"dansk rap,dansk pop,dansktop","Heritage",0.778,0.572,5,-6.869,0,0.183,0.173,0,0.169,0.715,160.058,4
spotify:track:50YVqiGtgGGRJPhhCcS80L,"Tale Til Dem (feat. Benny Jamz & Branco)","Kiko","Gilli;Benny Jamz;Branco",2019-07-13,215127,40,false,,2020-01-28T09:25:12Z,"dansk rap,dansk pop,dansktop","MXIII",0.853,0.578,5,-6.277,0,0.386,0.221,0,0.0689,0.75,129.917,4
spotify:track:4r2M86IJ1stGAI55PRRib0,"Balou","1010","Benny Jamz",2020-01-01,129061,42,false,,2020-01-24T07:42:09Z,"dansk rap,dansktop,dansk pop","MXIII",0.904,0.557,10,-6.481,0,0.146,0.13,0.00279,0.123,0.314,104.982,4
spotify:track:332HLjESTywYrDN5is9mdT,"Dobbelt (feat. Dayzon)","Dedikeret","Jamaika;Dayzon",2020-01-01,168071,39,true,,2020-01-24T07:30:39Z,"dansk rap,dansk pop,dansktop,azonto","Universal Music A/S",0.832,0.721,6,-5.678,0,0.103,0.104,0.00000299,0.0823,0.522,99.89,4
spotify:track:3G0GORhjbP1xo0wwPEMwTn,"Ik Sådan Nogen (feat. Benny Jamz, Gilli & MellemFingaMuzik)","M.O.L.O. (feat. Benny Jamz, Gilli & MellemFingaMuzik)","Molo;Benny Jamz;Gilli;MellemFingaMuzik",2018-06-16,259696,30,true,,2020-01-23T13:48:18Z,"dansk rap,dansk pop,dansktop","Heritage",0.75,0.513,3,-8.864,0,0.195,0.298,0,0.0928,0.674,119.991,4
spotify:track:33xkqF4gkppg311UoMGgTQ,"DANGEROUS","BAWSKEE 3.5","Comethazine",2019-07-26,140000,0,true,,2019-12-06T12:59:57Z,"","Alamo Records",0.744,0.605,8,-7.594,1,0.108,0.225,0,0.0822,0.695,100.017,4
spotify:track:1Nfht0uva6GtUwZB05aHcr,"Dream That I Had","True 2 Myself","Lil Tjay",2019-10-11,165813,51,true,,2019-11-30T14:18:11Z,"brooklyn drill,melodic rap","Columbia",0.779,0.543,7,-10.763,0,0.0889,0.0195,0,0.0996,0.33,109.952,4
spotify:track:671qmOyhzkza64D9fMhN7k,"Post To Be (feat. Rileyy Lanez)","True 2 Myself","Lil Tjay;Rileyy Lanez",2019-10-11,189053,53,true,,2019-11-26T09:17:16Z,"brooklyn drill,melodic rap","Columbia",0.718,0.661,6,-7.991,0,0.131,0.0899,0,0.133,0.49,145.877,4
spotify:track:45GshECNB7YmOu9yM8Y039,"Balou","Balou","Benny Jamz",2019-11-07,129011,31,false,,2019-11-21T07:04:13Z,"dansk rap,dansktop,dansk pop","MXIII",0.907,0.531,10,-6.756,0,0.114,0.124,0.0044,0.12,0.299,105.012,4
spotify:track:5uDASfU19gDxSjW8cnCaBp,"Chill Bill (feat. J. Davi$ & Spooks)","Chill Bill (feat. J. Davi$ & Spooks)","Rob $tone;J. Davi$;J Spooks",2016-06-17,177184,75,true,,2019-11-16T18:02:56Z,"","RCA Records Label",0.886,0.427,6,-10.028,1,0.145,0.0312,0.00099,0.0906,0.23,108.034,4
spotify:track:69oJmQ3NnWHQriYQ4L8dKa,"Rica (feat. Kesi & Sivas)","Rica (feat. Kesi & Sivas)","Gilli;KESI;Sivas",2017-06-06,212581,58,false,,2019-11-15T13:56:44Z,"dansk rap,dansk pop,dansktop","disco:wax",0.791,0.75,9,-4.491,0,0.143,0.35,0,0.294,0.822,95.984,4
spotify:track:0OsYwz3SCLD98IvWfdLeRQ,"Shotta Flow 3","Shotta Flow 3","NLE Choppa",2019-07-23,181237,48,true,,2019-11-12T14:45:41Z,"","Warner Records",0.724,0.716,8,-5.258,0,0.385,0.00843,0,0.892,0.812,128.026,4
spotify:track:5hDAT527wXWNBnJlujhuUs,"Stuck In A Dream (feat. Gunna)","Stuck In A Dream (feat. Gunna)","Lil Mosey;Gunna",2019-09-17,123560,0,true,,2019-11-04T13:10:17Z,"melodic rap","Interscope Records",0.753,0.652,10,-5.943,0,0.0753,0.444,0,0.117,0.745,139.962,4
spotify:track:6SjbzGo7arjfM5cXpXhc5B,"Should I Stay or Should I Go - Remastered","Stranger Things (Soundtrack from the Netflix Original Series)","The Clash",2017-10-27,186093,65,false,,2019-11-01T08:13:25Z,"punk","Legacy Recordings",0.74,0.848,2,-6.437,1,0.144,0.0781,0,0.375,0.802,113.381,4
spotify:track:77KMttn3Lic7ZQKDlPqp8v,"INTRO","KIRK","DaBaby",2019-09-27,172800,53,true,,2019-10-15T09:55:52Z,"","South Coast Music Group/Interscope Records",0.862,0.685,0,-7.699,0,0.242,0.0342,0,0.204,0.672,100.024,4
spotify:track:4Jh3p0TydgTJZ444pPhVvd,"STANDARD","STANDARD","I$WAAL",2019-10-04,207428,41,true,,2019-10-13T21:12:01Z,"dansk rap,dansk pop","Universal Music A/S",0.72,0.673,4,-5.886,0,0.215,0.286,0,0.117,0.222,140.171,4
spotify:track:6vN61JHkrDJYYhupL4y2tJ,"W2LEEZY","W2Leezy","Justin Rarri",2019-03-01,196428,0,true,,2019-10-10T11:55:35Z,"melodic rap","Blackroom Records PS",0.722,0.51,6,-6.943,0,0.054,0.498,0,0.0831,0.544,140.006,4
spotify:track:63GdS4OENe0rKGFDpbdHdZ,"EURO (feat. KESI)","BABA BUSINESS","Branco;KESI",2019-06-14,143895,35,true,,2019-10-08T11:25:12Z,"dansk rap,dansk pop,dansktop","Sony Music Entertainment",0.713,0.598,10,-7.804,1,0.276,0.329,0,0.113,0.769,94.846,4
spotify:track:4kcxExTZ0GUVQmauuAI7wW,"Eneste","Eneste","G.O.D Gang",2019-05-03,186643,13,true,,2019-10-05T20:41:28Z,"dansk rap,dansk pop","WM Denmark",0.606,0.634,5,-5.952,1,0.116,0.0123,0,0.0882,0.649,111.459,5
spotify:track:2yd52fQjwKXLm6CiZzxO8q,"Samurai (feat. Sivas)","STEPZOLOGI","Stepz;Sivas",2019-09-12,136309,42,false,,2019-10-04T12:59:47Z,"dansk rap,dansk pop,dansktop","Universal Music A/S",0.824,0.645,9,-6.324,1,0.367,0.0173,0.00000276,0.11,0.457,84.754,4
spotify:track:27VPsuABnPTjuxKdbWr3iZ,"Lil Frisk","Ferragamo Waii","Lil Hawaii",2018-06-17,137142,10,false,,2019-09-23T16:41:01Z,"dansk rap,dansktop","Lil Hawaii",0.88,0.468,4,-7.525,0,0.0657,0.727,0,0.0721,0.195,140.027,4
spotify:track:47BBI51FKFwOMlIiX6m8ya,"I Want It That Way","Millennium","Backstreet Boys",1999-05-18,213306,87,false,,2019-09-15T22:07:41Z,"","Jive",0.689,0.694,6,-5.83,0,0.027,0.257,0,0.148,0.482,99.039,4
spotify:track:7gYE3GWQN3Jf6z9J8EEbdy,"No Cap (feat. Rich The Kid)","No Cap (feat. Rich The Kid)","83 Babies;Rich The Kid",2019-05-06,260855,35,true,,2019-09-12T16:45:31Z,"trap","Rich Forever",0.815,0.454,8,-8.916,1,0.333,0.413,0,0.105,0.712,139.929,4
spotify:track:55WLWX71YkHt2tSucNIf1g,"Sold Out Dates (feat. Lil Baby)","Sold Out Dates (feat. Lil Baby)","Gunna;Lil Baby",2018-04-16,166368,72,true,,2019-09-12T16:45:25Z,"melodic rap","300 Entertainment",0.817,0.556,4,-7.178,0,0.14,0.469,0,0.131,0.314,126.991,4
spotify:track:5ZnMTmxjRCQKRgSiV9Y26g,"Old Streets","Old Streets","2kbabysage",2019-06-27,105600,0,true,,2019-09-12T16:45:16Z,"","Heavy Hitters/Winners United",0.69,0.362,2,-12.041,1,0.627,0.515,0,0.167,0.595,124.352,5
spotify:track:0G1HcY6dlx8yjJBMCO9rOc,"Want Beef?","Want Beef?","YSN Flow;BaeBae Savo",2019-04-20,155481,0,true,,2019-09-12T16:42:31Z,"melodic rap","L462 Ent.",0.867,0.492,2,-8.088,1,0.279,0.253,0,0.288,0.567,120.981,4
spotify:track:03eGzd0WjfeBhV10plZ2KM,"Mansa Musa","Mansa Musa","ICEKIID",2017-04-07,194423,4,false,,2019-09-09T07:01:24Z,"dansk rap,dansk pop,dansktop","Cannibal Records",0.839,0.747,5,-7.328,0,0.145,0.0894,0,0.0758,0.764,125.941,4
spotify:track:5iGBXzOoRo4sBTy8wdzMyK,"No Smoke","D Phoenix","D. Savage;Lil Yachty",2018-10-12,180013,4,true,,2019-09-01T18:45:12Z,"cloud rap","Victor Victor/Capitol Records",0.772,0.51,4,-9.67,0,0.12,0.0079,0,0.131,0.0755,120.049,4
spotify:track:0KqD0lJxuifEE2FGoFS3fO,"Shooter","Shooter","Michael Williams",2019-05-31,161081,28,true,,2019-08-31T18:14:25Z,"dansk rap,dansktop,dansk pop","Universal Music A/S",0.828,0.644,2,-5.527,1,0.148,0.131,0.000107,0.11,0.631,85.06,4
spotify:track:1LLQm9kM9QrCSUQr1deDZy,"Orale","Orale","Gilli",2015-07-06,227441,49,false,,2019-08-27T10:51:24Z,"dansk rap,dansk pop,dansktop","disco:wax",0.733,0.716,11,-5.727,1,0.242,0.2,0.00106,0.151,0.554,172.141,4
spotify:track:0wPUbKfAwcaTievVCEaMvf,"Nu (feat. Benny Jamz, Gilli & MellemFingaMuzik)","Nu (feat. Benny Jamz, Gilli & MellemFingaMuzik)","Molo;Benny Jamz;Gilli;MellemFingaMuzik",2016-12-06,290204,42,false,,2019-08-26T16:27:23Z,"dansk rap,dansk pop,dansktop","Grounded",0.804,0.679,11,-6.784,0,0.175,0.181,0,0.0885,0.243,98.026,4
spotify:track:6wQSX9oVtN68uueCbhga6X,"Mine Unge Niños","ULTRA","Sivas",2018-04-20,142766,19,true,,2019-08-16T22:24:19Z,"dansk rap,dansktop,dansk pop","disco:wax",0.777,0.694,0,-6.205,1,0.292,0.0278,0.00000881,0.144,0.314,128.038,4
spotify:track:5CMUThHlepHR8c1xD0QYzs,"They Afraid Of You","!","Trippie Redd;Playboi Carti",2019-08-09,138469,0,true,,2019-08-09T22:29:20Z,"melodic rap,rage rap","TenThousand Projects, LLC",0.637,0.616,1,-6.493,0,0.0459,0.223,0,0.181,0.414,78.126,4
spotify:track:45DANEAozzOPHrqmERidgn,"I Try","!","Trippie Redd",2019-08-09,161436,0,true,,2019-08-09T22:29:10Z,"melodic rap","TenThousand Projects, LLC",0.595,0.627,9,-6.751,0,0.0327,0.229,0,0.198,0.574,75.013,4
spotify:track:7znO2T2deQ7nZUbyxEAMDB,"Be Yourself","!","Trippie Redd",2019-08-09,196861,0,true,,2019-08-09T22:29:00Z,"melodic rap","TenThousand Projects, LLC",0.57,0.535,7,-6.77,1,0.212,0.264,0.00000371,0.111,0.0734,90.568,4
spotify:track:4RnrfD6ubAee6l6niXh5UO,"Count Me Out","Count Me Out","Lil Tecca",2019-07-15,174160,0,true,,2019-08-07T12:13:22Z,"melodic rap,rap","Galactic Records/Republic Records",0.836,0.579,4,-8.344,0,0.295,0.477,0,0.194,0.64,102.084,4
spotify:track:0VWTSWZVask2dSMShSphvM,"JUNGLE","JUNGLE","MellemFingaMuzik",2018-11-28,209265,46,false,,2019-07-27T15:29:50Z,"dansk rap,dansk pop","Heritage",0.793,0.551,6,-5.909,0,0.0795,0.322,0,0.186,0.572,142.066,4
spotify:track:1FF80l8FbZgXdcqQoXRYMg,"Alt For Lidt","3p","Artigeardit",2019-06-14,171493,27,true,,2019-07-16T09:23:48Z,"dansk rap,dansktop,dansk pop","Heritage",0.711,0.608,7,-7.099,0,0.0724,0.232,0,0.109,0.585,148.896,4
spotify:track:5ClpX5eYN2SpVkj56TM7oz,"Glemme Mig","Glemme Mig","Citybois",2018-08-17,183234,24,false,,2019-07-13T06:02:00Z,"dansk pop,dansk rap,dansktop","Sony Music Entertainment",0.655,0.74,0,-4.373,1,0.0659,0.148,0,0.121,0.674,106.99,4
spotify:track:7MmlDhyroURJOtnEjYnPeQ,"Paper","Beat Chow Vol. 1","Amuseity",2019-06-04,123428,0,false,,2019-07-04T23:00:30Z,"","VinDig",0.784,0.526,5,-8.915,1,0.228,0.826,0.0000104,0.127,0.268,69.965,4
spotify:track:7uRXwjiXc8mpuCXXUXXAt8,"Lil Ting (feat. Lille Høg & Chanelbigs)","Lil Ting (feat. Lille Høg & Chanelbigs)","Baby Bino;ATL PETE;Michael Williams;Lille Høg;Chanelbigs",2019-06-28,174274,34,true,,2019-07-01T13:28:08Z,"dansk rap,dansk pop,dansktop,breakbeat,jungle","Universal Music A/S",0.857,0.584,1,-5.728,1,0.0745,0.118,0,0.127,0.573,101.985,4
spotify:track:6DXUcykWTq6sRARrOAE2Lc,"YSL (feat. Playboi Carti)","Drip Season 2","Gunna;Playboi Carti",2017-05-11,156143,57,true,,2019-06-29T08:40:59Z,"melodic rap,rage rap","300 Entertainment",0.788,0.611,11,-8.442,1,0.349,0.106,0,0.261,0.565,81.586,4
spotify:track:5b719srfWk2MiDa86ZpJ8u,"Know No Better (feat. Travis Scott, Camila Cabello & Quavo)","Know No Better (feat. Quavo)","Major Lazer;Travis Scott;Camila Cabello;Quavo",2017-06-01,225849,0,false,,2019-06-29T08:40:38Z,"moombahton,rap","Because Music",0.738,0.814,7,-4.414,0,0.0999,0.132,0.00000964,0.126,0.483,119.041,4
spotify:track:44ZJ4hLD5onikKsVLQaILr,"Vossi Bop","Vossi Bop","Stormzy",2019-04-26,196266,57,true,,2019-05-29T17:53:02Z,"grime,uk grime,uk drill","#Merky Records",0.682,0.653,8,-6.062,1,0.339,0.13,0.00116,0.129,0.428,188.115,4
spotify:track:1uMMWkJbsMkecvfx96d2F7,"Gang WithMe","Gang WithMe","Polo G",2018-07-15,192052,7,true,,2019-05-07T07:47:51Z,"","Polo.G",0.818,0.331,1,-10.617,1,0.111,0.0152,0,0.119,0.326,85.064,4
spotify:track:1AGPmw3QJBNfOK6XioDhZp,"Never Stop","Future Hndrxx Presents: The WIZRD","Future",2019-01-18,291333,61,true,,2019-04-16T06:04:42Z,"rap","Epic/Freebandz",0.571,0.556,1,-5.857,1,0.223,0.0662,0.000149,0.137,0.0762,155.465,4
spotify:track:1I3ZAmPmbFV78oNKnibOiW,"Jumpin on a Jet","Future Hndrxx Presents: The WIZRD","Future",2019-01-18,137133,52,true,,2019-04-16T06:04:42Z,"rap","Epic/Freebandz",0.824,0.595,11,-6.346,1,0.091,0.0571,0.0000037,0.0876,0.157,140.039,4
spotify:track:4HfaOznGhHYWqPtpLYz2PB,"Rocket Ship","Future Hndrxx Presents: The WIZRD","Future",2019-01-18,116846,59,true,,2019-04-16T06:04:42Z,"rap","Epic/Freebandz",0.953,0.38,8,-4.941,1,0.261,0.00957,0,0.127,0.128,133.941,4
spotify:track:2gXOzCwbVXACCaYRj4Qrep,"Temptation","Future Hndrxx Presents: The WIZRD","Future",2019-01-18,167672,53,true,,2019-04-16T06:04:42Z,"rap","Epic/Freebandz",0.66,0.55,4,-6.744,1,0.184,0.164,0.000204,0.199,0.299,130.004,4
spotify:track:7wcyO1rrH3Ru4t659IjG41,"Crushed Up","Future Hndrxx Presents: The WIZRD","Future",2019-01-18,149948,56,true,,2019-04-16T06:04:42Z,"rap","Epic/Freebandz",0.781,0.597,10,-6.794,0,0.23,0.0415,0,0.152,0.544,158.043,4
spotify:track:5YP6yKgGGsXKukqxXypVAf,"F&N","Future Hndrxx Presents: The WIZRD","Future",2019-01-18,189427,61,true,,2019-04-16T06:04:42Z,"rap","Epic/Freebandz",0.728,0.628,1,-4.766,1,0.191,0.01,0.0000653,0.0735,0.393,160.94,4
spotify:track:1WlU4jsJ8AoTB96dgd8LJA,"Call the Coroner","Future Hndrxx Presents: The WIZRD","Future",2019-01-18,131755,52,true,,2019-04-16T06:04:42Z,"rap","Epic/Freebandz",0.853,0.805,11,-3.331,0,0.202,0.146,0.0515,0.204,0.879,134.55,4
spotify:track:2aR4gdgyCgacqHGqUZ91YS,"Talk Shit Like a Preacher","Future Hndrxx Presents: The WIZRD","Future",2019-01-18,132165,50,true,,2019-04-16T06:04:42Z,"rap","Epic/Freebandz",0.878,0.452,2,-8.695,1,0.496,0.00728,0.000423,0.107,0.425,154.035,4
spotify:track:7EB2UpfRbS4QVjZQlKLi3Z,"Promise U That","Future Hndrxx Presents: The WIZRD","Future",2019-01-18,205422,55,true,,2019-04-16T06:04:42Z,"rap","Epic/Freebandz",0.638,0.568,1,-6.579,0,0.159,0.338,0,0.487,0.446,127.806,4
spotify:track:0F7FlaQBiyNkV8iakTocsW,"Stick to the Models","Future Hndrxx Presents: The WIZRD","Future",2019-01-18,196180,66,true,,2019-04-16T06:04:42Z,"rap","Epic/Freebandz",0.813,0.543,1,-6.555,0,0.211,0.088,0.00000742,0.112,0.165,137.986,4
spotify:track:5OUHuypXfqeKaHNO44ojio,"Overdose","Future Hndrxx Presents: The WIZRD","Future",2019-01-18,115437,42,true,,2019-04-16T06:04:42Z,"rap","Epic/Freebandz",0.731,0.706,1,-4.958,1,0.417,0.0382,0.0000241,0.636,0.384,153.074,4
spotify:track:465mhRDuwxjrJ61UrvRvrZ,"Krazy but True","Future Hndrxx Presents: The WIZRD","Future",2019-01-18,185117,47,true,,2019-04-16T06:04:42Z,"rap","Epic/Freebandz",0.738,0.499,5,-7.456,1,0.428,0.0545,0,0.14,0.314,73.152,4
spotify:track:5FWyHjKMW85oZoqgG1zD9b,"Servin Killa Kam","Future Hndrxx Presents: The WIZRD","Future",2019-01-18,186738,50,true,,2019-04-16T06:04:42Z,"rap","Epic/Freebandz",0.847,0.661,8,-4.614,1,0.0548,0.000807,0.00126,0.104,0.184,143.979,4
spotify:track:01sjbEk3X7KNXFvXXXN5MY,"Baptiize","Future Hndrxx Presents: The WIZRD","Future",2019-01-18,218479,47,true,,2019-04-16T06:04:42Z,"rap","Epic/Freebandz",0.648,0.581,8,-6.958,1,0.315,0.108,0,0.496,0.235,153.947,4
spotify:track:2U3LJfQB0ALLxC7Yy0QW7l,"Unicorn Purp (feat. Young Thug & Gunna)","Future Hndrxx Presents: The WIZRD","Future;Young Thug;Gunna",2019-01-18,246915,57,true,,2019-04-16T06:04:42Z,"rap,melodic rap,trap","Epic/Freebandz",0.833,0.761,11,-4.905,1,0.195,0.0158,0.00000141,0.161,0.377,134.047,4
spotify:track:6QFzUXTIZXOLesQcgmGOsR,"Goin Dummi","Future Hndrxx Presents: The WIZRD","Future",2019-01-18,161757,49,true,,2019-04-16T06:04:42Z,"rap","Epic/Freebandz",0.888,0.665,5,-7.055,0,0.093,0.0151,0,0.219,0.568,78.021,4
spotify:track:3WRIaWsws011vHMd9uzPjG,"First Off (feat. Travis Scott)","Future Hndrxx Presents: The WIZRD","Future;Travis Scott",2019-01-18,228366,60,true,,2019-04-16T06:04:42Z,"rap","Epic/Freebandz",0.734,0.683,1,-6.105,1,0.0776,0.013,0,0.28,0.445,162.038,4
spotify:track:5R2pz8i4k4bvRAqiIFXzKz,"Faceshot","Future Hndrxx Presents: The WIZRD","Future",2019-01-18,175860,46,true,,2019-04-16T06:04:42Z,"rap","Epic/Freebandz",0.802,0.833,11,-4.234,1,0.0832,0.00772,0,0.346,0.132,165.97,4
spotify:track:0SCEdR34DyPTgNWvho3zLF,"Ain't Coming Back","Future Hndrxx Presents: The WIZRD","Future",2019-01-18,219684,50,true,,2019-04-16T06:04:42Z,"rap","Epic/Freebandz",0.675,0.747,3,-4.46,0,0.0741,0.00738,0,0.121,0.255,152.928,4
spotify:track:2HEsewd9dzzLg4751JIS4p,"Tricks on Me","Future Hndrxx Presents: The WIZRD","Future",2019-01-18,262002,52,true,,2019-04-16T06:04:42Z,"rap","Epic/Freebandz",0.7,0.742,8,-5.233,1,0.347,0.435,0,0.092,0.635,140.172,4
spotify:track:4jE6bNf4AOUs4mxPe3Ye5e,"World Is Yours 2 - Intro","The World Is Yours 2","Rich The Kid",2019-03-22,132230,40,true,,2019-04-04T06:54:00Z,"trap","Interscope Records",0.847,0.711,6,-5.875,1,0.38,0.00887,0.00000128,0.0808,0.527,141.952,4
spotify:track:4m2n0xzP9VnaQnhim9aYCD,"Slide","The World Is Yours 2","Rich The Kid",2019-03-22,168039,32,true,,2019-04-04T06:54:00Z,"trap","Interscope Records",0.792,0.64,11,-6.048,0,0.23,0.00483,0.0000127,0.0979,0.41,75.993,4
spotify:track:3KLo7ByvjCNyBrfz5DZ2mO,"Splashin","The World Is Yours 2","Rich The Kid",2019-03-22,177864,57,true,,2019-04-04T06:54:00Z,"trap","Interscope Records",0.942,0.382,10,-8.099,1,0.564,0.00192,0,0.092,0.379,100.017,4
spotify:track:4bi9YrkOvmg4Eb7h00AW2c,"Fall Threw (feat. Young Thug & Gunna)","The World Is Yours 2","Rich The Kid;Young Thug;Gunna",2019-03-22,189830,42,true,,2019-04-04T06:54:00Z,"trap,rap,melodic rap","Interscope Records",0.832,0.649,1,-6.781,0,0.482,0.0252,0,0.255,0.699,76.01,4
spotify:track:7r62wx5N1cOQxYr6b0p2Bi,"Two Cups (feat. Offset & Big Sean)","The World Is Yours 2","Rich The Kid;Offset;Big Sean",2019-03-22,181057,38,true,,2019-04-04T06:54:00Z,"trap","Interscope Records",0.827,0.768,0,-4.587,1,0.207,0.0214,0,0.193,0.496,92.994,4
spotify:track:1VxXvgu6BhUg3PdTOoTTvv,"Racks Today","The World Is Yours 2","Rich The Kid",2019-03-22,155389,35,true,,2019-04-04T06:54:00Z,"trap","Interscope Records",0.858,0.607,1,-3.855,1,0.368,0.0693,0,0.169,0.278,74.968,4
spotify:track:2lAUMDyWq80slJVsrYyD7N,"Woah (feat. Miguel & Ty Dolla $ign)","The World Is Yours 2","Rich The Kid;Miguel;Ty Dolla $ign",2019-03-22,172191,46,true,,2019-04-04T06:54:00Z,"trap,r&b,trap soul","Interscope Records",0.691,0.689,4,-5.255,0,0.106,0.101,0,0.131,0.231,95.129,4
spotify:track:2VGD6mGeuv6aORaU0vKsHB,"Tic Toc (with Tory Lanez)","The World Is Yours 2","Rich The Kid;Tory Lanez",2019-03-22,150040,40,true,,2019-04-04T06:54:00Z,"trap","Interscope Records",0.778,0.644,1,-4.147,1,0.12,0.0388,0,0.115,0.21,169.986,4
spotify:track:2Fr62Hoy2F3A0OfMPa7gxK,"Wrong Thing (feat. NAV)","The World Is Yours 2","Rich The Kid;NAV",2019-03-22,150148,32,true,,2019-04-04T06:54:00Z,"trap,melodic rap","Interscope Records",0.915,0.701,3,-5.176,0,0.307,0.0413,0,0.161,0.68,89.998,4
spotify:track:2uev0LUP98t1npGu4GkaVT,"4 Phones","The World Is Yours 2","Rich The Kid",2019-03-22,217338,38,true,,2019-04-04T06:54:00Z,"trap","Interscope Records",0.926,0.523,1,-5.914,1,0.159,0.0279,0.000307,0.103,0.201,141.987,4
spotify:track:0L1Wwj6636oMkD6BkDq3JK,"Rockets (feat. Takeoff & Lil Pump)","The World Is Yours 2","Rich The Kid;Takeoff;Lil Pump",2019-03-22,182784,37,true,,2019-04-04T06:54:00Z,"trap","Interscope Records",0.714,0.599,9,-5.467,1,0.145,0.00826,0,0.0755,0.274,157.985,4
spotify:track:4gJUBncw0XCMTBHneTjqGx,"Like Mike (feat. Jay Critch & A Boogie wit da Hoodie)","The World Is Yours 2","Rich The Kid;Jay Critch;A Boogie Wit da Hoodie",2019-03-22,161756,40,true,,2019-04-04T06:54:00Z,"trap,brooklyn drill,new york drill,melodic rap","Interscope Records",0.836,0.636,8,-5.145,1,0.291,0.128,0,0.0462,0.847,142.006,4
spotify:track:4RsLvd1zrcEiyXZmTU3E27,"Ring Ring (feat. Vory)","The World Is Yours 2","Rich The Kid;Vory",2019-03-22,167335,33,true,,2019-04-04T06:54:00Z,"trap,trap soul","Interscope Records",0.62,0.616,9,-6.256,1,0.148,0.226,0,0.0598,0.44,144.075,4
spotify:track:6sZUGkgvbNfd4rabcQ8Tj7,"For Keeps (feat. YoungBoy Never Broke Again)","The World Is Yours 2","Rich The Kid;YoungBoy Never Broke Again",2019-03-22,176383,48,true,,2019-04-04T06:54:00Z,"trap","Interscope Records",0.589,0.649,7,-5.594,1,0.52,0.0556,0,0.0884,0.253,162.214,4
spotify:track:5aXgz1oKK8Q9z9xvTmSnrO,"Topanga","A Love Letter To You 3","Trippie Redd",2018-11-09,215364,1,true,,2019-04-01T09:17:48Z,"melodic rap","TenThousand Projects, LLC",0.753,0.616,4,-8.245,1,0.0495,0.00583,0.00000177,0.109,0.0388,105.952,4
spotify:track:2lvOt6VAufWlstrqutilVb,"Fire Starter","A Love Letter To You 3","Trippie Redd;Emani 22",2018-11-09,157500,0,true,,2019-04-01T09:17:48Z,"melodic rap,trap soul","TenThousand Projects, LLC",0.509,0.71,3,-4.914,0,0.0679,0.00232,0,0.436,0.335,147.853,4
spotify:track:1SxagO9GK0UUeEYLmH8Pln,"Toxic Waste","A Love Letter To You 3","Trippie Redd",2018-11-09,173129,0,true,,2019-04-01T09:17:48Z,"melodic rap","TenThousand Projects, LLC",0.729,0.516,8,-11.404,1,0.0628,0.0555,0.00000195,0.107,0.379,111.97,4
spotify:track:0ZPCxNK4DIrF8KqrN3DxfA,"Negative Energy","A Love Letter To You 3","Trippie Redd;Kodie Shane",2018-11-09,178285,0,true,,2019-04-01T09:17:48Z,"melodic rap","TenThousand Projects, LLC",0.66,0.672,9,-7.442,1,0.263,0.413,0,0.125,0.446,139.904,4
spotify:track:2dKtWPLZvbCzwLRliNn8UI,"Can't Love","A Love Letter To You 3","Trippie Redd",2018-11-09,169411,0,true,,2019-04-01T09:17:48Z,"melodic rap","TenThousand Projects, LLC",0.842,0.567,4,-6.504,0,0.0525,0.00244,0.0000207,0.168,0.256,135.991,4
spotify:track:0AcicReEGm1qcENjqzh1Tg,"Love Scars 3","A Love Letter To You 3","Trippie Redd",2018-11-09,129429,0,true,,2019-04-01T09:17:48Z,"melodic rap","TenThousand Projects, LLC",0.449,0.524,8,-7.914,1,0.0853,0.136,0,0.106,0.128,69.726,1
spotify:track:2ppse4DOEFlzaW7Xu3U76r,"A.L.L.T.Y. 3","A Love Letter To You 3","Trippie Redd;Baby Goth",2018-11-09,180800,0,true,,2019-04-01T09:17:48Z,"melodic rap","TenThousand Projects, LLC",0.562,0.782,8,-5.376,0,0.45,0.112,0,0.121,0.458,150.159,4
spotify:track:4aVQevcrgVDwqtRujqZrui,"Emani Interlude","A Love Letter To You 3","Trippie Redd;Emani 22",2018-11-09,96000,0,true,,2019-04-01T09:17:48Z,"melodic rap,trap soul","TenThousand Projects, LLC",0.468,0.523,8,-7.117,0,0.049,0.00602,0.00397,0.154,0.255,129.794,4
spotify:track:5Tp5zlCgbwXLMa3pgYsNMl,"Elevate & Motivate","A Love Letter To You 3","Trippie Redd;YoungBoy Never Broke Again;Nel-Denarro",2018-11-09,221781,0,true,,2019-04-01T09:17:48Z,"melodic rap","TenThousand Projects, LLC",0.657,0.759,1,-3.446,1,0.0507,0.172,0,0.149,0.425,156.08,4
spotify:track:7uenITonAmg7wXmFd3kkms,"I Tried Loving","A Love Letter To You 3","Trippie Redd",2018-11-09,193510,0,true,,2019-04-01T09:17:48Z,"melodic rap","TenThousand Projects, LLC",0.623,0.686,1,-4.809,0,0.0438,0.181,0,0.19,0.222,160.085,4
spotify:track:5iAyI5SlSs1hyWOQeBXvab,"Wicked","A Love Letter To You 3","Trippie Redd",2018-11-09,138448,0,true,,2019-04-01T09:17:48Z,"melodic rap","TenThousand Projects, LLC",0.812,0.534,4,-6.6,0,0.121,0.0885,0.00000195,0.141,0.223,98.017,4
spotify:track:284fVGdbsPtigjjI0jmKXo,"Loyalty Before Royalty","A Love Letter To You 3","Trippie Redd",2018-11-09,142648,0,true,,2019-04-01T09:17:48Z,"melodic rap","TenThousand Projects, LLC",0.808,0.701,2,-4.841,0,0.0984,0.00212,0.000021,0.126,0.154,158.066,4
spotify:track:75lcPkAkUsKWHGBlGM476R,"1400 / 999 Freestyle","A Love Letter To You 3","Trippie Redd;Juice WRLD",2018-11-09,175954,3,true,,2019-04-01T09:17:48Z,"melodic rap,emo rap","TenThousand Projects, LLC",0.823,0.572,6,-6.067,0,0.0865,0.0079,0,0.113,0.568,141.996,4
spotify:track:73pDDTXW6SKqM52N4Rdred,"So Alive","A Love Letter To You 3","Trippie Redd",2018-11-09,119069,0,true,,2019-04-01T09:17:48Z,"melodic rap","TenThousand Projects, LLC",0.678,0.474,10,-10.059,1,0.0428,0.0316,0,0.0754,0.178,128.944,4
spotify:track:6bKUUSlzDua0gt0g13OKqw,"Diamond Minds","A Love Letter To You 3","Trippie Redd;Tory Lanez;Elliott Trent",2018-11-09,185828,0,true,,2019-04-01T09:17:48Z,"melodic rap,trap soul","TenThousand Projects, LLC",0.678,0.476,7,-9.626,1,0.0837,0.566,0,0.11,0.481,92.961,4
spotify:track:3prLqweRlHjmdsycz41cRh,"Camp Fire Tale","A Love Letter To You 3","Trippie Redd",2018-11-09,149625,0,true,,2019-04-01T09:17:48Z,"melodic rap","TenThousand Projects, LLC",0.671,0.249,6,-10.896,1,0.0349,0.447,0.00000941,0.125,0.154,80.096,4
spotify:track:6RB9YvNyP0RZfCUcMtZELH,"Freedom","Freedom","Pharrell Williams",2015-07-02,163226,75,false,,2019-03-25T21:59:14Z,"","Columbia",0.428,0.559,1,-6.374,0,0.067,0.395,0.0000356,0.136,0.607,86.459,4
spotify:track:1LGv7Ah6TXp1soAAIzzuGC,"The Muffin Song (asdfmovie)","The Muffin Song (asdfmovie)","The Gregory Brothers;TomSka",2018-05-11,187045,58,false,,2019-03-20T14:10:50Z,"","Gregory Residence",0.911,0.842,10,-4.845,1,0.0922,0.205,0.0000148,0.115,0.578,112.016,4
spotify:track:2TVxnKdb3tqe1nhQWwwZCO,"Tiny Dancer","Madman Across The Water","Elton John",1971-11-05,377093,81,false,,2019-03-12T12:06:31Z,"","EMI",0.414,0.428,0,-11.097,1,0.0278,0.382,0.000243,0.148,0.282,145.075,4
spotify:track:4r78C5pZZRJlAFuUwpEc3P,"Tilbage","180","Lord Siva",2014-12-05,197423,27,false,,2019-03-07T21:54:39Z,"dansk pop,dansk rap,dansktop","disco:wax",0.464,0.677,6,-6.278,1,0.0419,0.183,0,0.107,0.206,139.667,4
spotify:track:7q7CiizhoKwaBrYvfWuJxU,"180 (feat. Karl William)","180","Lord Siva;Karl William",2014-12-05,217984,22,false,,2019-03-07T21:54:39Z,"dansk pop,dansk rap,dansktop","disco:wax",0.404,0.656,6,-7.622,0,0.0937,0.0256,0,0.117,0.28,139.687,4
spotify:track:5jrzcg6WbxIep3ZXCs0NyM,"Glem Mig","180","Lord Siva",2014-12-05,205099,19,false,,2019-03-07T21:54:39Z,"dansk pop,dansk rap,dansktop","disco:wax",0.297,0.53,5,-7.764,1,0.0465,0.145,0,0.0919,0.445,148.38,4
spotify:track:4XRbOM8lkFQowKApY2enLX,"Min Kode","180","Lord Siva",2014-12-05,148575,16,false,,2019-03-07T21:54:39Z,"dansk pop,dansk rap,dansktop","disco:wax",0.669,0.645,1,-6.842,0,0.0467,0.339,0.000151,0.193,0.337,119.874,4
spotify:track:4OuMhlwViSRkVQVamadr1q,"Overdosis","180","Lord Siva",2014-12-05,202547,30,false,,2019-03-07T21:54:39Z,"dansk pop,dansk rap,dansktop","disco:wax",0.661,0.635,6,-8.933,0,0.0495,0.04,0.0000145,0.105,0.28,120.001,4
spotify:track:55RLUQwJ6f4pUrchH00GQ4,"Inviteret","180","Lord Siva",2014-12-05,215652,17,false,,2019-03-07T21:54:39Z,"dansk pop,dansk rap,dansktop","disco:wax",0.565,0.651,0,-7.78,0,0.163,0.114,0,0.339,0.406,130.187,4
spotify:track:68OXQShmBdvMZgzzJDrUlR,"Drømme","180","Lord Siva",2014-12-05,208272,23,false,,2019-03-07T21:54:39Z,"dansk pop,dansk rap,dansktop","disco:wax",0.534,0.78,6,-7.1,0,0.0671,0.145,0,0.575,0.512,74.963,4
spotify:track:64YLfKArdsGKli6ZzF2fpG,"Alene","180","Lord Siva",2014-12-05,163533,15,false,,2019-03-07T21:54:39Z,"dansk pop,dansk rap,dansktop","disco:wax",0.329,0.495,4,-10.348,0,0.0382,0.0852,0.159,0.112,0.113,125.1,4
spotify:track:0AphwbfFSlGgGDlXGeiEpu,"Bands","Bawskee","Comethazine",2018-08-24,98734,0,true,,2019-03-07T17:40:02Z,"","Alamo Records",0.834,0.457,10,-10.775,1,0.572,0.21,0,0.0641,0.533,158.008,4
spotify:track:1h6OiyF7bf4jifbw1s7mVD,"NONSENSE","Bawskee 2","Comethazine",2019-01-11,73846,0,true,,2019-03-07T17:37:46Z,"","Alamo Records",0.639,0.812,8,-4.113,1,0.0569,0.0773,0,0.115,0.5,182.016,4
spotify:track:3xKsf9qdS1CyvXSMEid6g8,"Pink + White","Blonde","Frank Ocean",2016-08-20,184516,89,false,,2019-03-07T12:08:11Z,"","Boys Don't Cry",0.545,0.545,9,-7.362,1,0.107,0.667,0.0000548,0.417,0.549,159.94,3
spotify:track:5HQVUIKwCEXpe7JIHyY734,"Young, Wild & Free (feat. Bruno Mars)","Young, Wild & Free (feat. Bruno Mars)","Snoop Dogg;Wiz Khalifa;Bruno Mars",2011-10-11,207333,77,true,,2019-02-27T11:14:45Z,"g-funk,west coast hip hop,gangster rap,old school hip hop,hip hop,rap","Rostrum/Atlantic",0.715,0.655,0,-6.425,1,0.137,0.0525,0,0.115,0.531,95.078,4
spotify:track:2s1G28RwbrEfaDuTSWB5Dk,"Ren Lung","Ren Lung","Slaske;Mc Madsen;Fanta Mus",2018-12-07,221189,0,true,,2019-02-14T11:38:45Z,"","SLASK4 RECORDS",0.647,0.513,0,-11.536,1,0.321,0.298,0.00115,0.113,0.531,184.745,4
spotify:track:6Vzs6iGlyb4JTnVX5NAoFk,"Purple Baguettes","88GLAM2","88GLAM",2018-11-16,168493,40,true,,2019-02-09T22:47:15Z,"melodic rap","XO Records, LLC and Republic Records",0.699,0.43,10,-8.641,0,0.111,0.303,0,0.11,0.39,120.025,5
spotify:track:0gug4OpbNYLVXrFvtDWnxv,"Blue Faces","88GLAM2","88GLAM",2018-11-16,169640,29,true,,2019-02-09T22:47:15Z,"melodic rap","XO Records, LLC and Republic Records",0.77,0.455,9,-6.246,1,0.0651,0.36,0,0.0794,0.444,146.907,4
spotify:track:3Zcv9IeYgCvEhxFTfsduaQ,"Lil Boat","88GLAM2","88GLAM",2018-11-16,180813,50,true,,2019-02-09T22:47:15Z,"melodic rap","XO Records, LLC and Republic Records",0.764,0.672,6,-4.274,0,0.0655,0.0166,0.00000106,0.103,0.594,150.021,4
spotify:track:4gisR7ioGxHZJ9jEJnNybI,"Big Ship","88GLAM2","88GLAM",2018-11-16,140666,24,true,,2019-02-09T22:47:15Z,"melodic rap","XO Records, LLC and Republic Records",0.752,0.64,5,-5.978,0,0.0862,0.174,0,0.117,0.466,154.992,4
spotify:track:5nnT83XEfOrY85BjoldwVx,"Wet Dreams","88GLAM2","88GLAM",2018-11-16,156760,29,true,,2019-02-09T22:47:15Z,"melodic rap","XO Records, LLC and Republic Records",0.825,0.694,7,-5.465,1,0.123,0.112,0,0.0915,0.892,73.506,4
spotify:track:1gR8SPZg0pDh2F0Ridi3e1,"It's A Flex (feat. NAV)","88GLAM2","88GLAM;NAV",2018-11-16,198800,43,true,,2019-02-09T22:47:15Z,"melodic rap","XO Records, LLC and Republic Records",0.799,0.554,6,-6.85,0,0.0922,0.153,0,0.198,0.533,150.051,4
spotify:track:16hJhVQWkrbnwYxrtTxK9K,"Talk Nice","88GLAM2","88GLAM",2018-11-16,239586,25,true,,2019-02-09T22:47:15Z,"melodic rap","XO Records, LLC and Republic Records",0.807,0.619,0,-6.573,1,0.156,0.275,0,0.109,0.153,146.051,4
spotify:track:4n2zeP8KUWNgJr1bZnbslz,"Drop Top","88GLAM2","88GLAM",2018-11-16,180280,27,true,,2019-02-09T22:47:15Z,"melodic rap","XO Records, LLC and Republic Records",0.831,0.667,1,-3.605,1,0.105,0.204,0.00000158,0.0958,0.383,74.999,4
spotify:track:4qJKFz5AH7O1HBfVIDSMD8,"Kawasaki","88GLAM2","88GLAM",2018-11-16,162453,36,true,,2019-02-09T22:47:15Z,"melodic rap","XO Records, LLC and Republic Records",0.745,0.527,11,-8.188,0,0.0452,0.402,0.0000107,0.325,0.232,77.02,4
spotify:track:3uy6aRVhLuKy85EJoffsUM,"Racks (feat. Gunna)","88GLAM2","88GLAM;Gunna",2018-11-16,208520,32,true,,2019-02-09T22:47:15Z,"melodic rap","XO Records, LLC and Republic Records",0.744,0.478,1,-6.295,0,0.0524,0.31,0,0.107,0.247,122.033,4
spotify:track:1GCUwcKc1JumCbg4jv7KtA,"Kitchen Witch","88GLAM2","88GLAM",2018-11-16,180000,30,true,,2019-02-09T22:47:15Z,"melodic rap","XO Records, LLC and Republic Records",0.632,0.742,8,-7.041,1,0.0846,0.298,0,0.433,0.657,160.037,4
spotify:track:2Rkhxx8afqkb93AwIAMbJN,"Snow Globe","88GLAM2","88GLAM",2018-11-16,171773,28,true,,2019-02-09T22:47:15Z,"melodic rap","XO Records, LLC and Republic Records",0.682,0.595,1,-5.91,1,0.0664,0.131,0,0.178,0.408,73.017,4
spotify:track:0RgeiH9PjWmyZtJCxevLoo,"GPS","88GLAM2","88GLAM",2018-11-16,155653,23,true,,2019-02-09T22:47:15Z,"melodic rap","XO Records, LLC and Republic Records",0.735,0.653,8,-5.536,1,0.0638,0.0455,0.00000272,0.104,0.452,80.533,4
spotify:track:0mlkKsmwaWPeMIBlaYJXYA,"ENDZ","88GLAM2","88GLAM",2018-11-16,179866,26,true,,2019-02-09T22:47:15Z,"melodic rap","XO Records, LLC and Republic Records",0.756,0.578,1,-7.059,0,0.103,0.128,0.00000131,0.113,0.615,150.014,4
spotify:track:0odHj0qIf86vHBsXB30IkZ,"So High (feat. Ghost Loft)","Blacc Hollywood (Deluxe)","Wiz Khalifa;Ghost Loft",2014-08-19,249287,68,true,,2019-01-30T21:26:25Z,"","Rostrum/Atlantic",0.628,0.629,6,-4.829,0,0.0485,0.118,0,0.102,0.3,157.99,4
spotify:track:2eal8Nsdnp60kq1zPgdBd3,"Limbo","Limbo","Scarlet Pleasure",2017-06-13,190903,0,false,,2019-01-28T18:32:36Z,"dansk pop","Copenhagen Records",0.857,0.656,4,-8.256,0,0.214,0.618,0.000104,0.0885,0.685,102.923,4
spotify:track:3eaZlarqKQ4oAceRwJHfF5,"By Chance","SremmLife 2 (Deluxe)","Rae Sremmurd",2016-08-12,223733,48,true,,2019-01-28T00:57:39Z,"","Mike WiLL Made-It",0.881,0.496,1,-6.897,0,0.0592,0.0105,0.00168,0.315,0.216,130.965,4
spotify:track:51M4JQ3pSqeNOGCc2GmPHs,"Sprite (feat. Lil Hawaii)","Sprite (feat. Lil Hawaii)","Baby Bino;Lil Hawaii",2019-01-25,197468,16,true,,2019-01-26T15:21:46Z,"dansk rap,dansk pop,dansktop","Universal Music A/S",0.643,0.641,4,-6.743,0,0.106,0.362,0,0.118,0.539,158.006,4
spotify:track:7eBqSVxrzQZtK2mmgRG6lC,"Murder on My Mind","I AM YOU","YNW Melly",2018-08-03,268434,80,true,,2019-01-14T10:15:46Z,"melodic rap","P2018",0.759,0.73,0,-7.985,0,0.0516,0.145,0.00000306,0.11,0.74,115.007,4
spotify:track:7aMCKdXjQAPV8g8TETYVEw,"On The Map","Sincerely, Tokyo","MadeinTYO",2018-10-26,178000,0,true,,2019-01-07T21:58:30Z,"","Commission/BMG",0.864,0.759,2,-1.741,0,0.0797,0.268,0,0.0972,0.341,129.992,4
spotify:track:5PbPvMFWQ2YgfJQ3LYxEsp,"Retro 88","Sincerely, Tokyo","MadeinTYO",2018-10-26,131493,0,true,,2019-01-07T21:58:30Z,"","Commission/BMG",0.846,0.452,2,-5.087,1,0.0786,0.196,0,0.0554,0.52,145.952,4
spotify:track:0fABHG5a7RnqBlOKOwhWZD,"Chucky Cheese","Sincerely, Tokyo","MadeinTYO",2018-10-26,165293,0,true,,2019-01-07T21:58:30Z,"","Commission/BMG",0.89,0.542,10,-4.826,0,0.314,0.523,0,0.123,0.565,78.458,4
spotify:track:0FYnOvYp1ICsHelQVnAILn,"2 Flights","Sincerely, Tokyo","MadeinTYO",2018-10-26,137453,0,true,,2019-01-07T21:58:30Z,"","Commission/BMG",0.848,0.452,0,-8.468,0,0.137,0.0504,0.00000599,0.11,0.111,140.101,5
spotify:track:6uFQno8QtgJ0zWS4JW5BpM,"Outstanding","Sincerely, Tokyo","MadeinTYO",2018-10-26,162266,0,true,,2019-01-07T21:58:30Z,"","Commission/BMG",0.943,0.461,5,-6.066,1,0.115,0.025,0,0.0846,0.149,130.002,4
spotify:track:2KwBmhEyf5CfiROUYXnMJh,"Lil Bih (feat. 24hrs)","Sincerely, Tokyo","MadeinTYO;24hrs",2018-10-26,170000,0,true,,2019-01-07T21:58:30Z,"","Commission/BMG",0.818,0.617,0,-3.835,1,0.0542,0.00158,0.0036,0.23,0.315,148.99,4
spotify:track:3fCRwVGeNXfW2snoDxhwsM,"Moshi Moshi","Sincerely, Tokyo","MadeinTYO",2018-10-26,75773,0,true,,2019-01-07T21:58:30Z,"","Commission/BMG",0.911,0.69,1,-3.901,0,0.414,0.235,0,0.0681,0.933,87.999,4
spotify:track:3Ie9Nz3oC8rItsTYsmMCIf,"Whats Gwannin (feat. Roy Woods)","Sincerely, Tokyo","MadeinTYO;Roy Woods",2018-10-26,264000,0,true,,2019-01-07T21:58:30Z,"","Commission/BMG",0.737,0.535,11,-6.932,0,0.0574,0.0402,0.000264,0.163,0.239,120.01,4
spotify:track:5P0mkqNPdGWtJJ4LvWk7cn,"Figure It Out (feat. Gunna)","Sincerely, Tokyo","MadeinTYO;Gunna",2018-10-26,213986,0,true,,2019-01-07T21:58:30Z,"melodic rap","Commission/BMG",0.809,0.497,8,-7.274,1,0.435,0.13,0,0.11,0.451,152.103,4
spotify:track:2EUNZfjPToKZIahK0WMLKd,"Ned Flanders (feat. A$AP Ferg)","Sincerely, Tokyo","MadeinTYO;A$AP Ferg",2018-10-26,161013,0,true,,2019-01-07T21:58:30Z,"rap","Commission/BMG",0.936,0.495,1,-6.062,1,0.229,0.0254,0,0.087,0.299,139.951,4
spotify:track:5TXPHo9bwovk5GfnUjhYm1,"Jump","Sincerely, Tokyo","MadeinTYO",2018-10-26,171026,0,true,,2019-01-07T21:58:30Z,"","Commission/BMG",0.909,0.468,7,-6.42,1,0.226,0.18,0.00000887,0.12,0.189,134.981,4
spotify:track:6PwcvXM5UtI1yrcsIKcEvV,"Addicted To Power","Sincerely, Tokyo","MadeinTYO",2018-10-26,150973,0,true,,2019-01-07T21:58:30Z,"","Commission/BMG",0.825,0.788,11,-6.805,1,0.222,0.0909,0,0.0951,0.599,139.928,4
spotify:track:31gYzvubZHQcrs4ANuCMAf,"Margiela Problems (feat. Blood Orange)","Sincerely, Tokyo","MadeinTYO;Blood Orange",2018-10-26,187160,0,true,,2019-01-07T21:58:30Z,"art pop","Commission/BMG",0.922,0.567,1,-6.382,1,0.29,0.425,0,0.11,0.768,124.019,4
spotify:track:7fy0iQWCHenbmFAz0U4jru,"Savannah Sunset (feat. Tinashe)","Sincerely, Tokyo","MadeinTYO;Tinashe",2018-10-26,218333,0,true,,2019-01-07T21:58:30Z,"alternative r&b","Commission/BMG",0.643,0.448,1,-7.706,1,0.081,0.872,0.0000037,0.103,0.37,93.846,4
spotify:track:2t8yVaLvJ0RenpXUIAC52d,"a lot","i am > i was","21 Savage",2018-12-21,288624,81,true,,2019-01-07T21:58:20Z,"","Slaughter Gang, LLC/Epic Records",0.837,0.636,1,-7.643,1,0.086,0.0395,0.00125,0.342,0.274,145.972,4
spotify:track:5ZSIExfQuVv69tw5Qw3yDl,"break da law","i am > i was","21 Savage",2018-12-21,177747,54,true,,2019-01-07T21:58:20Z,"","Slaughter Gang, LLC/Epic Records",0.904,0.575,1,-7.823,1,0.346,0.0493,0,0.256,0.359,141.037,4
spotify:track:6ho88pvz4c8WCSFbdVXNia,"a&t","i am > i was","21 Savage",2018-12-21,211588,50,true,,2019-01-07T21:58:20Z,"","Slaughter Gang, LLC/Epic Records",0.924,0.567,5,-5.009,1,0.0961,0.00169,0,0.0898,0.827,146.976,4
spotify:track:0ZKKJTv21zJpNrKiL0LYyV,"out for the night","i am > i was","21 Savage",2018-12-21,137232,52,true,,2019-01-07T21:58:20Z,"","Slaughter Gang, LLC/Epic Records",0.841,0.695,9,-5.625,1,0.415,0.001,0.0000426,0.189,0.408,173.368,4
spotify:track:4f1XXGjZZ9EkFkrbPJek6X,"gun smoke","i am > i was","21 Savage",2018-12-21,167410,52,true,,2019-01-07T21:58:20Z,"","Slaughter Gang, LLC/Epic Records",0.809,0.461,10,-5.677,0,0.0907,0.000832,0.0000443,0.143,0.325,85.992,4
spotify:track:4paAidoE8VAemwU4jgCc6l,"all my friends","i am > i was","21 Savage",2018-12-21,211785,57,true,,2019-01-07T21:58:20Z,"","Slaughter Gang, LLC/Epic Records",0.713,0.62,0,-4.513,1,0.0422,0.171,0.00000116,0.118,0.206,130.09,4
spotify:track:2QgfDF0fQ4sskDthP8MG5w,"asmr","i am > i was","21 Savage",2018-12-21,171713,57,true,,2019-01-07T21:58:20Z,"","Slaughter Gang, LLC/Epic Records",0.84,0.543,1,-7.738,1,0.476,0.0399,0,0.117,0.161,170.067,4
spotify:track:50a8bKqlwDEqeiEknrzkTO,"ball w/o you","i am > i was","21 Savage",2018-12-21,195046,77,true,,2019-01-07T21:58:20Z,"","Slaughter Gang, LLC/Epic Records",0.892,0.633,8,-7.471,1,0.0902,0.0467,0.000189,0.139,0.459,137.994,4
spotify:track:2LqoYvMudv9xoTqNLFKILj,"good day","i am > i was","21 Savage",2018-12-21,242447,43,true,,2019-01-07T21:58:20Z,"","Slaughter Gang, LLC/Epic Records",0.966,0.519,1,-5.682,1,0.306,0.00359,0,0.254,0.119,122.195,4
spotify:track:5stbfxsPi8gcOH2LCuA4Le,"pad lock","i am > i was","21 Savage",2018-12-21,191359,64,true,,2019-01-07T21:58:20Z,"","Slaughter Gang, LLC/Epic Records",0.959,0.55,5,-8.012,0,0.197,0.0187,0,0.112,0.798,130.024,4
spotify:track:2FUNBaa5DwItJtYEBgAblU,"monster","i am > i was","21 Savage",2018-12-21,233039,55,true,,2019-01-07T21:58:20Z,"","Slaughter Gang, LLC/Epic Records",0.89,0.607,9,-6.916,0,0.124,0.158,0.000228,0.118,0.224,134.022,4
spotify:track:55xNjVrGJxgqcEFqCyejTM,"letter 2 my momma","i am > i was","21 Savage",2018-12-21,194809,49,true,,2019-01-07T21:58:20Z,"","Slaughter Gang, LLC/Epic Records",0.864,0.608,1,-10.567,0,0.275,0.0531,0.000012,0.078,0.963,80.225,4
spotify:track:1uULQtJ8rbsX5TwjPpPc9Q,"4L","i am > i was","21 Savage",2018-12-21,288364,56,true,,2019-01-07T21:58:20Z,"","Slaughter Gang, LLC/Epic Records",0.879,0.41,8,-9.233,1,0.551,0.000897,0.0000209,0.108,0.0703,80.011,4
spotify:track:1NIg3fX6x2A20W5vnuL0ED,"Fu shit","Northsbest","Lil Mosey",2018-10-19,158048,0,true,,2019-01-07T21:57:31Z,"melodic rap","Mogul Vision / Interscope PS",0.666,0.609,1,-7.567,1,0.0466,0.382,0,0.128,0.541,82.024,4
spotify:track:6JQvHMSaR8flFsN53ypOfP,"Noticed","Northsbest","Lil Mosey",2018-10-19,165000,0,true,,2019-01-07T21:57:31Z,"melodic rap","Mogul Vision / Interscope PS",0.699,0.558,11,-7.622,1,0.0603,0.462,0,0.116,0.493,79.992,4
spotify:track:6dww8y59MiIREzWonqzGOy,"Pull Up","Northsbest","Lil Mosey",2018-10-19,183624,0,true,,2019-01-07T21:57:31Z,"melodic rap","Mogul Vision / Interscope PS",0.655,0.607,7,-5.815,0,0.0862,0.554,0,0.115,0.2,149.033,4
spotify:track:3k8M6cCVi3q0gthqFy7TLc,"Burberry Headband","Northsbest","Lil Mosey",2018-10-19,146225,0,true,,2019-01-07T21:57:31Z,"melodic rap","Mogul Vision / Interscope PS",0.714,0.647,8,-6.865,1,0.037,0.598,0,0.0943,0.67,150.992,4
spotify:track:35eqqYzCWQyzqxj4SI9Ywl,"Greet Her","Northsbest","Lil Mosey",2018-10-19,174315,0,true,,2019-01-07T21:57:31Z,"melodic rap","Mogul Vision / Interscope PS",0.75,0.476,7,-7.864,0,0.0412,0.0593,0,0.199,0.123,94.995,4
spotify:track:64xTxVJPAhlPp2zmARJupJ,"That's My Bitch","Northsbest","Lil Mosey",2018-10-19,184615,0,true,,2019-01-07T21:57:31Z,"melodic rap","Mogul Vision / Interscope PS",0.693,0.563,8,-8.553,0,0.0675,0.0507,0.0021,0.112,0.618,155.962,4
spotify:track:0JRn9gyDQeW9VjW4S126tT,"Yoppa (with BlocBoy JB)","Northsbest","Lil Mosey;BlocBoy JB",2018-10-19,163404,0,true,,2019-01-07T21:57:31Z,"melodic rap","Mogul Vision / Interscope PS",0.814,0.497,9,-7.405,0,0.0784,0.122,0,0.11,0.344,140.888,4
spotify:track:7wExAu2KtrNx2KKwsv5EUx,"Boof Pack","Northsbest","Lil Mosey",2018-10-19,135000,0,true,,2019-01-07T21:57:31Z,"melodic rap","Mogul Vision / Interscope PS",0.693,0.576,0,-6.955,1,0.0868,0.0975,0,0.207,0.691,159.978,4
spotify:track:7yVFtG9hbDaCnW26YeS6D6,"Trapstar","Northsbest","Lil Mosey",2018-10-19,144000,0,true,,2019-01-07T21:57:31Z,"melodic rap","Mogul Vision / Interscope PS",0.682,0.662,7,-5.782,1,0.0398,0.261,0,0.115,0.171,159.926,4
spotify:track:2wOXxtHZgRkkrkEbKLzzqs,"1.5","i am > i was","21 Savage",2018-12-21,148655,56,true,,2019-01-07T20:56:12Z,"","Slaughter Gang, LLC/Epic Records",0.885,0.52,1,-8.353,1,0.359,0.000244,0.00000116,0.454,0.306,84.022,4
spotify:track:6j6bj6qe5H38WgWwDCPXfV,"Taxi Freestyle","Taxi Freestyle","Slaske;Fanta Mus",2018-12-30,140500,0,true,,2019-01-06T16:43:35Z,"","SLASK4 RECORDS",0.719,0.576,2,-12.684,1,0.473,0.575,0,0.098,0.548,120.004,4
spotify:track:0dtvknb7ilYItLjwJogd7U,"Balanciego","Balanciego","Flash",2018-10-05,223079,38,false,,2018-12-28T15:23:40Z,"afrobeats,afrobeat,afropop","1789",0.829,0.623,11,-5.183,0,0.0568,0.193,0.00000686,0.0976,0.573,113.048,4
spotify:track:2o8VvyPvmjhDid7zk7XNHV,"Good Gas","Good Gas","Good Gas;FKi 1st;UnoTheActivist;MadeinTYO",2018-02-22,212122,33,true,,2018-12-27T14:21:18Z,"j-rap,rage rap,melodic rap,cloud rap","Mad Decent",0.895,0.49,4,-6.441,0,0.113,0.355,0,0.315,0.374,124.954,4
spotify:track:2gQYziDV5cSTRSqr6akzi5,"Take A Step Back","You Will Regret (Reloaded)","Ski Mask The Slump God;XXXTENTACION",2018-02-02,210386,30,true,,2018-12-25T19:16:22Z,"emo rap","Victor VM",0.8,0.591,6,-8.808,1,0.271,0.111,0,0.429,0.747,117.003,4
spotify:track:39RWYLt6hgk9BbhkDgaHW9,"Crush A Lot","Street Gossip","Lil Baby",2018-11-30,159754,62,true,,2018-12-17T14:50:09Z,"","Quality Control Music/Motown Records/Capitol Records",0.92,0.458,5,-5.643,0,0.316,0.0171,0,0.107,0.403,132.992,4
spotify:track:52i143Ph5c3RQaQFBXWix1,"Word On The Street","Street Gossip","Lil Baby",2018-11-30,172985,55,true,,2018-12-17T14:50:08Z,"","Quality Control Music/Motown Records/Capitol Records",0.888,0.432,10,-9.276,0,0.0935,0.0562,0,0.112,0.172,99.965,4
spotify:track:5BbdKBZO0TH0GhfxUfyhL9,"Freestyle","Too Hard","Lil Baby",2017-12-01,162053,80,true,,2018-12-17T14:50:07Z,"","Quality Control Music (Caroline)",0.877,0.516,2,-5.426,0,0.0706,0.215,0,0.143,0.255,119.996,4
spotify:track:577YBGuskWkVDCxZrLRB4v,"Pure Cocaine","Street Gossip","Lil Baby",2018-11-30,154023,80,true,,2018-12-17T14:50:06Z,"","Quality Control Music/Motown Records/Capitol Records",0.964,0.487,10,-6.071,0,0.421,0.00127,0.00000607,0.115,0.108,127.05,4
spotify:track:2bSk87AVkCIIC3Bcligq1z,"Life Goes On","Harder Than Ever","Lil Baby;Gunna;Lil Uzi Vert",2018-05-18,247054,76,true,,2018-12-17T14:50:05Z,"melodic rap,rage rap","Quality Control Music, LLC",0.716,0.541,1,-7.909,1,0.149,0.0021,0,0.115,0.387,139.978,4
spotify:track:2HZi965OVBmfk1IHHRVVGu,"Gas","Gas","Michael Williams",2018-11-23,147041,24,true,,2018-12-07T16:39:33Z,"dansk rap,dansktop,dansk pop","Universal Music A/S",0.836,0.677,11,-6.109,1,0.19,0.166,0,0.18,0.62,119.055,4
spotify:track:1BxkZE73h9BN3qwuA15TA3,"Drip Too Hard","Drip Too Hard","Lil Baby;Gunna",2018-09-12,145603,1,true,,2018-11-26T08:41:07Z,"melodic rap","Quality Control Music/Young Stoner Life Records, a 300 Entertainment Label/Motown Records/Capitol Records",0.9,0.653,1,-6.962,0,0.289,0.0945,0,0.528,0.399,112.503,4
spotify:track:7fh6PS37adXjne9LGtEx1h,"Nyt Show","Nyt Show","Slaske;Mc Madsen;Fanta Mus",2018-10-09,186749,0,true,,2018-11-19T11:10:06Z,"","SLASK4 RECORDS",0.817,0.435,10,-13.888,0,0.434,0.198,0.00385,0.119,0.27,170.073,4
spotify:track:6JjEVlMkfHWMeYavkEYzNO,"Gassed Up","Gassed Up","Nebu Kiniza",2016-08-26,193911,71,true,,2018-11-12T17:53:54Z,"","OSHS Records/RCA Records",0.798,0.568,5,-9.072,0,0.135,0.0213,0,0.0586,0.45,148.88,3
spotify:track:2LPUvD5DDOO4UYGkWgjI2C,"Shut Up","Gang Signs & Prayer","Stormzy",2017-02-24,179564,2,true,,2018-11-12T17:53:47Z,"grime,uk grime,uk drill","#Merky",0.468,0.823,4,-3.973,1,0.466,0.81,0,0.598,0.941,74.457,4
spotify:track:1iPBD72u3nAyFEeardYuBV,"Kamikaze","Northsbest","Lil Mosey",2018-10-19,139200,0,true,,2018-11-06T18:18:39Z,"melodic rap","Mogul Vision / Interscope PS",0.792,0.571,8,-7.539,0,0.094,0.301,0,0.1,0.556,99.999,4
spotify:track:0TCnOEVeLQMXOUrpPlM7uY,"Guatemala - From Swaecation","SR3MM","Rae Sremmurd;Swae Lee;Slim Jxmmi",2018-05-04,256341,64,true,,2018-11-05T08:05:29Z,"","Mike WiLL Made-It",0.849,0.696,4,-5.193,0,0.0571,0.185,0.00113,0.0954,0.0768,100.989,4
spotify:track:1XnJkUVf3A4PVwe6AvaIfN,"Rarri","Northsbest","Lil Mosey",2018-10-19,105346,0,true,,2018-11-02T10:51:57Z,"melodic rap","Mogul Vision / Interscope PS",0.763,0.583,1,-7.315,0,0.0838,0.0977,0.00000145,0.15,0.809,82.982,4
spotify:track:1jzIJcHCXneHw7ojC6LXiF,"Potato Salad","Potato Salad","Tyler, The Creator;A$AP Rocky",2018-09-28,182493,67,true,,2018-10-24T09:23:26Z,"rap","Columbia/RCA",0.538,0.612,2,-6.02,1,0.424,0.308,0,0.213,0.684,168.197,4
spotify:track:1jnQaoe6VpzXuFWirasGI6,"DENDER (feat. Emil Stabil)","DENDER (feat. Emil Stabil)","Louis Valuta;Emil Stabil",2017-09-29,178333,14,false,,2018-10-20T14:02:22Z,"dansk rap,dansk pop","disco:wax",0.846,0.605,11,-6.922,1,0.245,0.187,0,0.122,0.604,143.953,4
spotify:track:2rRHxauTxvPYLZYsp0OdjS,"Tar Den Ik","Tar Den Ik","Michael Williams;Valter Hvid",2017-12-09,198009,20,true,,2018-10-20T14:01:30Z,"dansk rap,dansktop,dansk pop","Michael Williams",0.828,0.426,1,-10.564,1,0.408,0.199,0,0.0895,0.436,129.916,4
spotify:track:6nO3tr47nr2P7f3hXb8JIo,"Champion (feat. Travis Scott)","RECKLESS","NAV;Travis Scott",2018-05-18,195053,65,true,,2018-10-01T19:27:40Z,"melodic rap,rap","Republic Records",0.643,0.782,5,-3.395,0,0.0476,0.384,0,0.108,0.393,162.006,4
spotify:track:7IHqExlTtAV4Q5O7ynuDOt,"Jeg For Fed","Jeg For Fed (feat. Caesar)","Yung Asti;Caesar",2017-04-21,176187,21,false,,2018-09-25T06:07:05Z,"dansk rap","Lille Høg",0.741,0.658,6,-7.328,1,0.0665,0.133,0,0.348,0.899,143.943,4
spotify:track:08E2pQtgwXAJIUvfMMq6oR,"Boof Pack","Boof Pack","Lil Mosey",2018-05-04,135000,0,true,,2018-09-19T14:20:29Z,"melodic rap","Mogul Vision / Interscope PS",0.693,0.576,0,-6.955,1,0.0868,0.0975,0,0.207,0.691,159.978,4
spotify:track:5Xw6qRFPFo7F5y3TH6lWBm,"Pull Up","Pull Up","Lil Mosey",2018-01-13,183624,0,true,,2018-09-19T14:16:01Z,"melodic rap","Mogul Vision / Interscope PS",0.655,0.607,7,-5.815,0,0.0862,0.554,0,0.115,0.2,149.033,4
spotify:track:7d6XJZjnm7iWcKwYL9z5kC,"Noticed","Noticed","Lil Mosey",2018-07-20,165000,0,true,,2018-09-19T14:13:53Z,"melodic rap","Mogul Vision / Interscope PS",0.699,0.558,11,-7.622,1,0.0603,0.462,0,0.116,0.493,79.992,4
spotify:track:6rvzT315tvsAGAdqzsB8OV,"Perfekt","Perfekt","Tyrees",2018-07-20,174981,2,true,,2018-09-08T17:53:03Z,"dansk rap,dansk pop","Universal Music A/S",0.779,0.86,0,-4.399,0,0.254,0.15,0,0.109,0.689,160.014,4
spotify:track:69gPHsNG63Mk8bWqJNhvgx,"Blæst Hver Dag","Blæst Hver Dag - EP","Baby Bino",2017-06-21,123706,18,true,,2018-09-08T17:28:59Z,"dansk rap,dansk pop","Lille Høg",0.674,0.762,8,-5.829,1,0.0459,0.0507,0.0000168,0.0922,0.739,160.053,4
spotify:track:3ZYwSDF9knZI0RVlKR4PHC,"Bad Company (feat. BlocBoy JB)","Bad Company (feat. BlocBoy JB)","A$AP Rocky;BlocBoy JB",2018-03-28,183809,51,true,,2018-08-22T16:38:38Z,"rap","A$AP Worldwide/Polo Grounds Music/RCA Records",0.901,0.529,8,-7.94,1,0.413,0.0679,0,0.536,0.343,144.941,4
spotify:track:7g0OuTMLnl9HCb7yRKuMHW,"Back To Life","Back To Life","Russ",2018-05-18,197360,49,false,,2018-08-14T17:53:59Z,"","Columbia",0.777,0.579,4,-6.693,1,0.288,0.352,0,0.124,0.748,88.015,4
spotify:track:52ZI1pnvwCLn3FvPX4XDqW,"Spejlet","Mixtape: Spildt Juice Vol. 1","Baby Bino",2018-06-15,155333,0,true,,2018-08-05T20:06:31Z,"dansk rap,dansk pop","Universal Music A/S",0.587,0.612,10,-6.21,0,0.131,0.34,0,0.255,0.569,165.001,4
spotify:track:6pK0kz2tkZqHPBkthcJnRH,"Kærlighedsang","Mixtape: Spildt Juice Vol. 1","Baby Bino;Lillebittebock",2018-06-15,199008,0,true,,2018-08-05T20:06:30Z,"dansk rap,dansk pop","Universal Music A/S",0.741,0.789,9,-7.026,0,0.0933,0.448,0.00000692,0.113,0.715,156.051,4
spotify:track:29PtobOwrvkDUz5wT0Z7U3,"God Mad","God Mad","Baby Bino",2017-11-03,203625,18,true,,2018-08-05T20:06:26Z,"dansk rap,dansk pop","Universal Music A/S",0.831,0.685,1,-4.455,0,0.163,0.411,0,0.103,0.646,142,4
spotify:track:7vTQIHH4SR4v7UXjDO1xhV,"Nervøs","Mixtape: Spildt Juice Vol. 1","Baby Bino",2018-06-15,159482,0,true,,2018-08-05T20:06:01Z,"dansk rap,dansk pop","Universal Music A/S",0.624,0.633,11,-5.902,0,0.237,0.681,0,0.253,0.527,154.053,4
spotify:track:5zYaq9vZIgC5Tlwnek0Ies,"Spørgsmål","Spørgsmål","Lillebittebock",2018-06-08,130064,11,true,,2018-08-05T20:05:53Z,"dansk rap","Universal Music A/S",0.692,0.482,10,-7.335,0,0.0601,0.689,0,0.119,0.506,77.473,4
spotify:track:53z57FfhlzVQ52uvtDFNXq,"GIMA (feat. ATL PETE & Baby Bino)","RIGFOREVIGT","RIGFOREVIGT;ATL PETE;Baby Bino",2017-11-17,133219,2,false,,2018-08-05T20:05:46Z,"dansk rap,dansk pop","disco:wax",0.803,0.791,7,-6.638,1,0.104,0.218,0.0000112,0.2,0.646,135.113,3
spotify:track:2jmc6BBbPVfCQ2h6XpCyRi,"Slanger","Mixtape: Spildt Juice Vol. 1","Baby Bino;Lil Mazda",2018-06-15,132843,0,true,,2018-08-05T20:05:45Z,"dansk rap,dansk pop","Universal Music A/S",0.751,0.65,1,-5.849,1,0.0608,0.496,0,0.174,0.673,79.967,4
spotify:track:0cD9VgoirBtLuz11LKTT7z,"Ik Tænk","Mixtape: Spildt Juice Vol. 1","Baby Bino;ATL PETE",2018-06-15,210807,0,true,,2018-08-05T20:05:43Z,"dansk rap,dansk pop","Universal Music A/S",0.724,0.657,3,-7.067,0,0.0799,0.407,0.0000847,0.354,0.556,129.991,4
spotify:track:4wiXtNUG3Cj0DeN0RHsBIr,"Nogen Af Dem (feat. ATL PETE)","RIGFOREVIGT","RIGFOREVIGT;ATL PETE",2017-11-17,207184,2,false,,2018-08-05T20:05:40Z,"dansk rap","disco:wax",0.782,0.668,1,-5.644,1,0.145,0.103,0,0.147,0.375,84.014,4
spotify:track:321F8qUS0s5hSXRAlU8TMf,"Flagrant","Jentrify","Elujay;YMTK",2016-09-16,179095,15,true,,2018-08-04T10:34:32Z,"alternative r&b,indie r&b,hyphy","Onetime!",0.729,0.736,0,-5.628,0,0.0405,0.128,0.00000459,0.105,0.366,122.041,4
spotify:track:2xLMifQCjDGFmkHkpNLD9h,"SICKO MODE","ASTROWORLD","Travis Scott",2018-08-03,312820,84,true,,2018-08-04T08:05:39Z,"rap","Cactus Jack / Epic",0.834,0.73,8,-3.714,1,0.222,0.00513,0,0.124,0.446,155.008,4
spotify:track:4SZepBIPDRwPaHIjAKwRDb,"R.I.P. SCREW","ASTROWORLD","Travis Scott",2018-08-03,185610,66,true,,2018-08-04T08:05:39Z,"rap","Cactus Jack / Epic",0.607,0.609,0,-5.978,0,0.291,0.389,0.000016,0.111,0.556,74.946,4
spotify:track:1xYpVRspgaLxdJLOTQkTjg,"STOP TRYING TO BE GOD","ASTROWORLD","Travis Scott",2018-08-03,338438,67,true,,2018-08-04T08:05:39Z,"rap","Cactus Jack / Epic",0.588,0.567,4,-3.738,0,0.0628,0.221,0,0.135,0.113,150.009,4
spotify:track:6OaVWaGfhXn70ZJfdVcabn,"NO BYSTANDERS","ASTROWORLD","Travis Scott",2018-08-03,218283,72,true,,2018-08-04T08:05:39Z,"rap","Cactus Jack / Epic",0.731,0.811,1,-3.225,1,0.0712,0.0204,0,0.411,0.426,147.045,4
spotify:track:6NMtzpDQBTOfJwMzgMX0zl,"SKELETONS","ASTROWORLD","Travis Scott",2018-08-03,145588,76,true,,2018-08-04T08:05:39Z,"rap","Cactus Jack / Epic",0.46,0.686,0,-5.948,0,0.0367,0.00146,0,0.375,0.252,148.054,4
spotify:track:20MuVazoNMv6xjKPnRFOxG,"WAKE UP","ASTROWORLD","Travis Scott",2018-08-03,231963,66,true,,2018-08-04T08:05:39Z,"rap","Cactus Jack / Epic",0.741,0.645,11,-5.116,0,0.0963,0.192,0,0.163,0.488,149.07,4
spotify:track:11kDth1aKUEUMq9r1pqyds,"5% TINT","ASTROWORLD","Travis Scott",2018-08-03,196138,75,true,,2018-08-04T08:05:39Z,"rap","Cactus Jack / Epic",0.712,0.481,4,-5.415,0,0.0487,0.173,0,0.241,0.062,140,4
spotify:track:6BJbOXDlgVAXSaq6wYFYT2,"NC-17","ASTROWORLD","Travis Scott",2018-08-03,156885,64,true,,2018-08-04T08:05:39Z,"rap","Cactus Jack / Epic",0.804,0.763,2,-5.48,1,0.0519,0.0678,0,0.368,0.0585,136.052,4
spotify:track:4MXhiYIRDMGAuvZc5IFTwC,"ASTROTHUNDER","ASTROWORLD","Travis Scott",2018-08-03,142969,78,true,,2018-08-04T08:05:39Z,"rap","Cactus Jack / Epic",0.7,0.46,4,-8.111,0,0.0661,0.142,0.0000481,0.111,0.286,151.901,4
spotify:track:7lAK3oHbfEnvUQWosrMMpR,"YOSEMITE","ASTROWORLD","Travis Scott",2018-08-03,150043,78,false,,2018-08-04T08:05:39Z,"rap","Cactus Jack / Epic",0.785,0.554,0,-6.571,1,0.0409,0.283,0.0000034,0.116,0.144,128.047,4
spotify:track:27a1mYSG5tYg7dmEjWBcmL,"CAN'T SAY","ASTROWORLD","Travis Scott",2018-08-03,198408,77,true,,2018-08-04T08:05:39Z,"rap","Cactus Jack / Epic",0.702,0.708,10,-5.366,0,0.0547,0.201,0,0.118,0.713,147.98,4
spotify:track:4KYS9GK68yeuUJ8vJfPxrq,"WHO? WHAT!","ASTROWORLD","Travis Scott",2018-08-03,176720,69,true,,2018-08-04T08:05:39Z,"rap","Cactus Jack / Epic",0.834,0.731,10,-5.603,0,0.0566,0.0462,0,0.0731,0.681,140.001,4
spotify:track:58TaFP5j5i9swOf584yon2,"HOUSTONFORNICATION","ASTROWORLD","Travis Scott",2018-08-03,217828,69,true,,2018-08-04T08:05:39Z,"rap","Cactus Jack / Epic",0.689,0.723,0,-4.052,0,0.0836,0.0985,0,0.158,0.288,160.042,4
spotify:track:6vnfObZ4Ys70SBAtti1xZ9,"COFFEE BEAN","ASTROWORLD","Travis Scott",2018-08-03,209115,69,true,,2018-08-04T08:05:39Z,"rap","Cactus Jack / Epic",0.81,0.582,5,-5.098,0,0.125,0.0862,0.00681,0.207,0.503,95.004,4
spotify:track:7KZ5MMVgBVox9ycroB2UrI,"CAROUSEL","ASTROWORLD","Travis Scott",2018-08-03,180182,65,true,,2018-08-04T08:05:36Z,"rap","Cactus Jack / Epic",0.428,0.403,5,-5.914,0,0.209,0.229,0,0.22,0.133,95.387,5
spotify:track:0NOoozidErbJnHKgbKI7Qm,"Onetime!","Jentrify","Elujay",2016-09-16,186723,12,true,,2018-08-04T07:51:24Z,"alternative r&b,indie r&b","Onetime!",0.664,0.471,5,-10.756,0,0.181,0.564,0.0000245,0.103,0.463,90.028,4
spotify:track:26lAxfqUOLTl14Unw3WnQi,"Locked In","Locked In","Elujay",2018-06-01,210221,20,false,,2018-08-04T07:46:24Z,"alternative r&b,indie r&b","Onetime!",0.675,0.693,0,-6.704,0,0.124,0.273,0,0.0647,0.809,89.985,4
spotify:track:1edI9ssNuHuE7URDSQjJdK,"Respirate / Atlas","Jentrify","Elujay",2016-09-16,241719,14,true,,2018-08-04T07:46:21Z,"alternative r&b,indie r&b","Onetime!",0.573,0.569,1,-7.013,1,0.3,0.331,0.0000583,0.111,0.657,167.947,4
spotify:track:13Gt4A1ZbYkZbfdQsjKGR6,"Starchild","Starchild","Elujay",2018-05-11,190152,0,false,,2018-08-04T07:44:37Z,"alternative r&b,indie r&b","Onetime! / EMPIRE",0.503,0.615,10,-6.545,0,0.232,0.125,0.00014,0.0881,0.494,82.533,4
spotify:track:2JbUtDYdWOhaSjNjyMFFGh,"BLOW","Mixtape: Spildt Juice Vol. 1","Baby Bino;28;Louis Valuta",2018-06-15,221680,0,true,,2018-07-26T19:34:44Z,"dansk rap,dansk pop","Universal Music A/S",0.777,0.607,1,-5.744,0,0.048,0.356,0.00408,0.108,0.267,150.087,4
spotify:track:35frsClznNy8bxbjjzeWI7,"POP","Mixtape: Spildt Juice Vol. 1","Baby Bino",2018-06-15,152269,0,true,,2018-07-26T19:34:44Z,"dansk rap,dansk pop","Universal Music A/S",0.814,0.691,8,-5.795,0,0.0608,0.463,0,0.0857,0.555,76.039,4
spotify:track:1XM32Ya39X4fou3HFAiCUz,"Almindelit (feat. Baby Bino, ATL PETE & Louis Valuta)","RIGFOREVIGT","RIGFOREVIGT;Baby Bino;ATL PETE;Louis Valuta",2017-11-17,205684,5,false,,2018-07-26T17:44:07Z,"dansk rap,dansk pop","disco:wax",0.705,0.74,5,-5.705,0,0.11,0.0162,0,0.365,0.863,146.207,4
spotify:track:7r6nDIW9SitTs14vavPOwV,"Spild Min Tid (feat. Baby Bino, Louis Valuta & ATL PETE)","RIGFOREVIGT","RIGFOREVIGT;Baby Bino;Louis Valuta;ATL PETE",2017-11-17,234764,2,false,,2018-07-23T12:51:30Z,"dansk rap,dansk pop","disco:wax",0.628,0.771,5,-4.196,1,0.238,0.172,0,0.107,0.532,159.881,4
spotify:track:21JPMwxFNKHc2mbXsSZT3M,"Kristian","Kristian","Slaske;Mc Madsen;Fanta Mus",2018-07-13,189831,0,true,,2018-07-16T20:39:18Z,"","SLASK4 RECORDS",0.917,0.522,11,-9.515,1,0.341,0.235,0.00256,0.227,0.521,141.087,4
spotify:track:1jy3BEIcPIed9fMPMmJcFn,"Ta med mig","Ta Med Mig","Pizzagang",2017-04-07,193500,25,true,,2018-07-13T16:40:20Z,"dansk rap,dansk pop","WM Denmark",0.735,0.693,9,-5.151,1,0.0383,0.265,0,0.108,0.772,140.187,4
spotify:track:1uHjtke8Mh2sl7hxIa0g0g,"Omkring de Tal","Blæst Hver Dag - EP","Baby Bino;ATL PETE",2017-06-21,206757,5,false,,2018-07-07T12:38:05Z,"dansk rap,dansk pop","Lille Høg",0.689,0.592,5,-5.897,0,0.0698,0.0536,0,0.112,0.706,162.119,4
spotify:track:1pOWIpkiLOHbxFBypxGFcb,"Baby med En Baby","Blæst Hver Dag - EP","Baby Bino",2017-06-21,169767,7,true,,2018-07-07T12:38:00Z,"dansk rap,dansk pop","Lille Høg",0.75,0.843,5,-4.17,0,0.0416,0.0604,0,0.0755,0.754,150.056,4
spotify:track:1O1YWjM4PQzMpZBsdV9633,"Ing' Som Hende","Blæst Hver Dag - EP","Baby Bino",2017-06-21,215383,10,true,,2018-07-07T12:37:59Z,"dansk rap,dansk pop","Lille Høg",0.757,0.727,5,-4.804,1,0.0745,0.0154,0,0.0981,0.553,146.066,4
spotify:track:45zpTNCb1V3qMZREmXiPyx,"Bræt","Bræt","Baby Bino",2018-02-16,153645,8,true,,2018-07-07T12:37:49Z,"dansk rap,dansk pop","Universal Music A/S",0.713,0.342,1,-10.76,0,0.392,0.117,0.000221,0.074,0.307,153.947,3
spotify:track:3bJiTVDxSpdcr8vPsEgmlI,"Jordbær","Jordbær","Baby Bino",2018-04-20,188522,6,true,,2018-07-07T12:37:41Z,"dansk rap,dansk pop","Universal Music A/S",0.701,0.68,1,-5.266,0,0.108,0.23,0,0.0718,0.651,157.93,4
spotify:track:4kfEy7h6bWBS5OaDpccTap,"Marvelous Day (feat. Lil Uzi Vert & Gunna)","Mood","Kap G;Lil Uzi Vert;Gunna",2017-11-17,223920,53,true,,2018-06-30T22:06:21Z,"melodic rap,rage rap","Atlantic Records",0.846,0.651,7,-5.481,0,0.128,0.634,0,0.125,0.581,140.048,4
spotify:track:5TXDeTFVRVY7Cvt0Dw4vWW,"Revenge","17","XXXTENTACION",2017-08-25,120026,82,true,,2018-06-24T09:28:08Z,"emo rap","Bad Vibes Forever / EMPIRE",0.746,0.251,11,-16.169,0,0.259,0.782,0.00203,0.106,0.18,139.999,4
spotify:track:4UKCKdYiLN6IMA5ZESUTL7,"the remedy for a broken heart (why am I so in love)","?","XXXTENTACION",2018-03-16,160184,74,true,,2018-06-24T09:28:03Z,"emo rap","Bad Vibes Forever, LLC",0.699,0.304,1,-11.192,1,0.0993,0.779,0.000993,0.137,0.271,119.705,4
spotify:track:4rvKuogdZ8O49Q8tRArrNg,"You're The Best","The Karate Kid: The Original Motion Picture Soundtrack","Joe ""Bean"" Esposito",2010-01-01,179666,1,false,,2018-05-30T19:48:29Z,"","Island Records",0.571,0.863,4,-7.661,0,0.048,0.257,0,0.532,0.782,94.299,4
spotify:track:1cTZMwcBJT0Ka3UJPXOeeN,"Nice For What","Nice For What","Drake",2018-04-06,210925,5,true,,2018-05-25T22:20:22Z,"rap","Cash Money/Drake LP6",0.567,0.913,8,-6.471,1,0.0736,0.0934,0.000124,0.114,0.792,93.35,4
spotify:track:6sG4uSeOdt2QFPOaBmCAXz,"dothatshit!","Playboi Carti","Playboi Carti",2017-04-14,184964,0,true,,2018-05-04T18:17:37Z,"rage rap","Universal Music Group",0.738,0.754,9,-5.574,1,0.249,0.0671,0,0.281,0.426,162.983,4
spotify:track:7wrDRQgHlvDnimrRHfQZxt,"Psycho (feat. Ty Dolla $ign)","Psycho (feat. Ty Dolla $ign)","Post Malone;Ty Dolla $ign",2018-02-23,220880,1,true,,2018-04-01T13:16:43Z,"trap soul","Universal Music Group",0.748,0.546,8,-8.134,1,0.106,0.59,0,0.112,0.413,140.005,4
spotify:track:0t6IEH0yGXKMaU86asSmzg,"No Option","Stoney","Post Malone",2016-12-09,179826,0,true,,2018-04-01T13:16:41Z,"","Universal Music Group",0.655,0.725,2,-5.055,1,0.053,0.0877,0,0.252,0.463,84.014,4
spotify:track:3ee8Jmje8o58CHK66QrVC2,"SAD!","?","XXXTENTACION",2018-03-16,166605,82,true,,2018-04-01T13:16:38Z,"emo rap","Bad Vibes Forever, LLC",0.74,0.613,8,-4.88,1,0.145,0.258,0.00372,0.123,0.473,75.023,4
spotify:track:1yxgsra98r3qAtxqiGZPiX,"BUTTERFLY EFFECT","BUTTERFLY EFFECT","Travis Scott",2017-05-18,190677,3,false,,2018-03-07T12:22:19Z,"rap","Cactus Jack / Epic",0.763,0.598,11,-6.865,1,0.0539,0.0714,0,0.112,0.182,140.987,4
spotify:track:3GVkPk8mqxz0itaAriG1L7,"Everybody Dies In Their Nightmares","17","XXXTENTACION",2017-08-25,95466,79,true,,2018-03-07T12:22:19Z,"emo rap","Bad Vibes Forever / EMPIRE",0.734,0.57,7,-7.066,0,0.133,0.847,0.0000214,0.112,0.689,129.953,4
spotify:track:7m9OqQk4RVRkw9JJdeAw96,"Jocelyn Flores","17","XXXTENTACION",2017-08-25,119133,80,true,,2018-03-07T12:22:17Z,"emo rap","Bad Vibes Forever / EMPIRE",0.872,0.391,0,-9.144,0,0.242,0.469,0.00000413,0.297,0.437,134.021,4
spotify:track:6Q2FftbUG530lCtBI74bMH,"Drowning (feat. Kodak Black)","Drowning (feat. Kodak Black)","A Boogie Wit da Hoodie;Kodak Black",2017-03-09,209269,0,true,,2018-03-07T12:22:15Z,"melodic rap","Highbridge The Label",0.839,0.81,5,-5.274,0,0.0568,0.501,0,0.117,0.814,129.014,4
spotify:track:0WjYgf4qH3B0v0HmW61doL,"iSpy","iSpy","KYLE;Lil Yachty",2016-12-02,253106,0,true,,2018-03-07T12:22:15Z,"","Indie-Pop",0.746,0.653,7,-6.745,1,0.289,0.378,0,0.229,0.672,75.016,4
spotify:track:3rOSwuTsUlJp0Pu0MkN8r8,"Mask Off","FUTURE","Future",2017-08-04,204600,53,true,,2018-03-07T12:22:13Z,"rap","Epic/Freebandz/A1",0.833,0.434,2,-8.795,1,0.431,0.0102,0.0219,0.165,0.281,150.062,4
spotify:track:69gz9onZQNVw55cMQsaYii,"Tuscan Leather","Nothing Was The Same (Deluxe)","Drake",2013-01-01,366400,64,true,,2018-03-07T12:22:11Z,"rap","Cash Money Records/Young Money Ent./Universal Rec.",0.432,0.681,6,-5.4,1,0.437,0.114,0,0.236,0.296,77.793,4
spotify:track:0ESJlaM8CE1jRWaNtwSNj8,"beibs in the trap","Birds In The Trap Sing McKnight","Travis Scott",2016-09-16,213863,68,true,,2018-03-07T12:22:11Z,"rap","Cactus Jack / Epic",0.743,0.571,7,-6.054,0,0.145,0.24,0,0.291,0.495,119.054,4
spotify:track:0taOCiup4HNG9LmbduVlJj,"Rubbin Off The Paint","Rubbin Off The Paint","YBN Nahmir",2017-10-20,156057,0,true,,2018-03-07T12:22:10Z,"","Human Re Sources / M.M.M",0.721,0.71,7,-9.294,1,0.295,0.000662,0,0.359,0.51,108.024,5
spotify:track:7AQim7LbvFVZJE3O8TYgf2,"Fuck Love","17","XXXTENTACION;Trippie Redd",2017-08-25,146520,83,true,,2018-03-07T12:22:09Z,"emo rap,melodic rap","Bad Vibes Forever / EMPIRE",0.797,0.533,0,-9.74,0,0.0412,0.0172,0.000152,0.103,0.329,131.036,4
spotify:track:1xvUQPmgQ9EcBgVR5VocbX,"YSL (feat. Playboi Carti)","Drip Season 2","Gunna;Playboi Carti",2017-05-11,156075,0,true,,2018-03-07T12:22:08Z,"melodic rap,rage rap","Gunna",0.783,0.604,11,-8.446,1,0.357,0.121,0,0.361,0.512,81.534,4
spotify:track:1WIZiOuNO3woKfdlSK2gNn,"Transportin'","Project Baby 2: All Grown Up","Kodak Black",2017-08-18,169344,81,true,,2018-03-07T12:22:07Z,"","Atlantic Records",0.804,0.66,10,-4.86,0,0.0726,0.0319,0,0.103,0.257,94.053,4
spotify:track:2rnFb0VnsxFPYgkJXrgcAc,"Batman","SYRE","Jaden",2017-11-17,184929,0,true,,2018-03-06T08:37:02Z,"","Universal Music Group",0.696,0.599,3,-7.361,1,0.0904,0.241,0.00000218,0.119,0.273,140,4
